Gif_di_Tina,925860792880201728,0,Le regionali in Sicilia del 5 nov?,,,2017-11-02 00:03:09,,https://twitter.com/Gif_di_Tina/status/925860792880201728
Newsinunclick,925856055539707904,1,#regionalisicilia usa l'arma matita con diligenza non farti fregare vai a votare e #sceglieteilfuturo con #CancelleriPresidente #Sicilia,,#regionalisicilia #sceglieteilfuturo #CancelleriPresidente #Sicilia,2017-11-01 23:44:19,,https://twitter.com/Newsinunclick/status/925856055539707904
GiacconeRosy,925844079128260609,0,Regionali Sicilia  Cuffaro spiazza Musumeci: "Gli 'impresentabili' li conosce bene" http:// fb.me/1ivVTvb1e,,,2017-11-01 22:56:44,,https://twitter.com/GiacconeRosy/status/925844079128260609
annaserra10,925842613441323010,0,Elezioni regionali Sicilia  Meloni: "contenti della mobilitazione a favore di Musumeci" http:// fb.me/1y68Ge38T,,,2017-11-01 22:50:55,,https://twitter.com/annaserra10/status/925842613441323010
annaserra10,925842611201544192,0,Elezioni regionali Sicilia  Meloni: "contenti della mobilitazione a favore di Musumeci" http:// fb.me/3nkoHrhOa,,,2017-11-01 22:50:54,,https://twitter.com/annaserra10/status/925842611201544192
L_Cesa,925842278932983808,0,Con @AntonioDePoli oggi a #Messina a sostegno del candidato #Udc alle regionali in #Sicilia @DaniloLoGiudice https://www. youtube.com/watch?v=LtHrmP bmT7A …,@AntonioDePoli @DaniloLoGiudice,#Messina #Udc #Sicilia,2017-11-01 22:49:35,,https://twitter.com/L_Cesa/status/925842278932983808
Leonee69,925841878406352896,0,Regionali Sicilia  Berlusconi a Palermo: “No a M5s chi li vota non ragiona” https://www. fanpage.it/regionali-sici lia-berlusconi-a-palermo-no-a-m5s-chi-li-vota-non-ragiona/ … via @fanpage,@fanpage,,2017-11-01 22:47:59,,https://twitter.com/Leonee69/status/925841878406352896
andrea_dibella,925841070709182465,0,Clicca e leggi l’edizione speciale Elezioni Regionali in Sicilia in PDF. http:// fb.me/6ZYcqvAa9,,,2017-11-01 22:44:47,,https://twitter.com/andrea_dibella/status/925841070709182465
alepaganotwit,925838273993478144,0,#SICILIA : #REGIONALI  #MICCICHE ' DICE TUTTO E CONTRARIO DI TUTTO https://www. facebook.com/www.alessandro pagano.it/posts/10154399250759364 … pic.twitter.com/AO5g8KKckZ,,#SICILIA #REGIONALI #MICCICHE,2017-11-01 22:33:40,,https://twitter.com/alepaganotwit/status/925838273993478144
GioFrazzica,925837952382656512,0,Regionali Sicilia  Berlusconi a Palermo: "Accordo con Salvini e Meloni per governo del Paese" http:// palermo.repubblica.it/politica/2017/ 11/01/news/regionali_sicilia_berlusconi_a_palermo_accordo_con_salvini_e_meloni_per_governo_del_paese_-179966148/ … via @repubblica,@repubblica,,2017-11-01 22:32:23,,https://twitter.com/GioFrazzica/status/925837952382656512
NicoCusimano1,925837472952700929,0,Cari amici siciliani...... #RegionaliSicilia https:// youtu.be/fMbK75Au-P0,,#RegionaliSicilia,2017-11-01 22:30:29,,https://twitter.com/NicoCusimano1/status/925837472952700929
NicoCusimano1,925836980050591745,0,#regionalisicilia . Leggeteli qui gli impresentabili di #musumeci e #micari perché #bindi ve lo dirà solo dopo che li avrete votati. pic.twitter.com/T9CODHSmJM,,#regionalisicilia #musumeci #micari #bindi,2017-11-01 22:28:31,,https://twitter.com/NicoCusimano1/status/925836980050591745
GioFrazzica,925836732171472896,0,Regionali  Berlusconi: «No a Sicilia nelle mani dei Cinque Stelle chi li vota non ragiona» http://www. corriere.it/politica/elezi oni-regionali-sicilia-2017/notizie/berlusconi-no-sicilia-mani-m5s-chi-li-vota-non-ragiona-b0a7e68c-bf27-11e7-9a2b-0f2b2933b455.shtml …,,,2017-11-01 22:27:32,,https://twitter.com/GioFrazzica/status/925836732171472896
CavallaroNerina,925836519826513925,0,Regionali Sicilia  Berlusconi a Palermo: “No a M5s chi li vota non ragiona” https://www. fanpage.it/regionali-sici lia-berlusconi-a-palermo-no-a-m5s-chi-li-vota-non-ragiona/ … via @fanpage,@fanpage,,2017-11-01 22:26:42,,https://twitter.com/CavallaroNerina/status/925836519826513925
NicoCusimano1,925836047556206594,0,#regionalisicilia . Leggeteli qui gli impresentabili perché #bindi ve lo dirà dopo che li avrete votato con Musumeci http:// bit.ly/2h58R6l,,#regionalisicilia #bindi,2017-11-01 22:24:49,,https://twitter.com/NicoCusimano1/status/925836047556206594
sandro_frigerio,925835004617388032,0,Ci fosse 1 a dire: " Sicilia basta autonomia con rimborsi pié di lista" top dirigenti forestali (2° record mondo) regionali  Chi lo vota? https:// twitter.com/NFratoianni/st atus/925764532831772672 …,,,2017-11-01 22:20:40,,https://twitter.com/sandro_frigerio/status/925835004617388032
aggielli,925833968792096768,0,Regionali Sicilia  Berlusconi a Palermo: "Accordo con Salvini e Meloni per governo del Paese" http:// palermo.repubblica.it/politica/2017/ 11/01/news/regionali_sicilia_berlusconi_a_palermo_accordo_con_salvini_e_meloni_per_governo_del_paese_-179966148/ … via @repubblica,@repubblica,,2017-11-01 22:16:33,,https://twitter.com/aggielli/status/925833968792096768
maletaIt,925833440997658625,0,Regionali Sicilia  Berlusconi a Palermo: “No a M5s chi li vota non ragiona” http:// ift.tt/2xMparq,,,2017-11-01 22:14:28,,https://twitter.com/maletaIt/status/925833440997658625
adpertinere,925831981761482756,0,Comunque ritorno a scuola mercoledì prossimo causa elezioni regionali Sicilia,,,2017-11-01 22:08:40,,https://twitter.com/adpertinere/status/925831981761482756
Tp24it,925831884361404416,0,Regionali  Fava designa il sesto assessore. E' Mammo Zagarella della Calcestruzzi Ericina http:// ift.tt/2h3MFtf #Sicilia #Notizie #Tp24,,#Sicilia #Notizie #Tp24,2017-11-01 22:08:17,,https://twitter.com/Tp24it/status/925831884361404416
sottoilcielorsz,925829184026443777,0,Regionali Sicilia  Cuffaro spiazza Musumeci: "Gli 'impresentabili' li conosce bene" http:// palermo.repubblica.it/politica/2017/ 11/01/news/regionali_sicilia_cuffaro_intervista-179932617/ … via @repubblica,@repubblica,,2017-11-01 21:57:33,,https://twitter.com/sottoilcielorsz/status/925829184026443777
masala_alvatore,925826873820700673,0,Regionali Sicilia  Berlusconi a Palermo: "Accordo con Salvini e Meloni per governo del Paese" http:// fb.me/928MD4fJ3,,,2017-11-01 21:48:22,,https://twitter.com/masala_alvatore/status/925826873820700673
massimoneri90,925826149506338817,2,Regionali Sicilia  Cuffaro spiazza Musumeci: "Gli 'impresentabili' li conosce bene" http:// fb.me/928SGFdgw,,,2017-11-01 21:45:29,,https://twitter.com/massimoneri90/status/925826149506338817
luca_pastorino,925825468808515584,0,Da girare agli amici siciliani... Queste elezioni regionali in Sicilia le hanno nascoste finchè potevano poi... http:// fb.me/2i1qlSnuB,,,2017-11-01 21:42:47,,https://twitter.com/luca_pastorino/status/925825468808515584
notizieflash24,925821898012942341,0,Regionali Sicilia  Berlusconi a Palermo: "Accordo con Salvini e Meloni per governo del Paese" #Mondo #Politica ... http:// tinyurl.com/ydgv4he8 pic.twitter.com/Dyi1MlBS0h,,#Mondo #Politica,2017-11-01 21:28:36,,https://twitter.com/notizieflash24/status/925821898012942341
UNotiziecloud,925820910472433664,0,#notizie #news #ultimenotizie Regionali Sicilia  Berlusconi a Palermo: "Accordo con Salvini e Meloni per governo https://www. ultime-notizie.cloud/2017/11/01/reg ionali-sicilia-berlusconi-a-palermo-accordo-con-salvini-e-meloni-per-governo-del-paese/ …,,#notizie #news #ultimenotizie,2017-11-01 21:24:40,,https://twitter.com/UNotiziecloud/status/925820910472433664
Dome689,925813097604026368,0,Regionali Sicilia  Cuffaro spiazza Musumeci: "Gli 'impresentabili' li conosce bene" http:// palermo.repubblica.it/politica/2017/ 11/01/news/regionali_sicilia_cuffaro_intervista-179932617/ … via @repubblica,@repubblica,,2017-11-01 20:53:37,,https://twitter.com/Dome689/status/925813097604026368
marcoga,925810602538389505,0,il comizio di #berlusconi a #palermo : AMARCORD ! #regionalisicilia #Regionali2017 #regionalisicilia2017 #sicilia,,#berlusconi #palermo #regionalisicilia #Regionali2017 #regionalisicilia2017 #sicilia,2017-11-01 20:43:43,,https://twitter.com/marcoga/status/925810602538389505
Sabina1956,925809701224419330,4,. #Sicilia2017 #RegionaliSicilia #Sicilia5Stelle #CancelleriPresidente #NoAstensionismo https:// twitter.com/XMERIDIO78/sta tus/925807078064775168 …,,#Sicilia2017 #RegionaliSicilia #Sicilia5Stelle #CancelleriPresidente #NoAstensionismo,2017-11-01 20:40:08,,https://twitter.com/Sabina1956/status/925809701224419330
repubblica,925809462891311104,2,Regionali Sicilia  Berlusconi a Palermo: "Accordo con Salvini e Meloni per governo del Paese" http:// larep.it/2hwv9e6,,,2017-11-01 20:39:11,,https://twitter.com/repubblica/status/925809462891311104
XMERIDIO78,925807078064775168,77,#regionalisicilia usa l'arma matita con diligenza non farti fregare vai a votare e #sceglieteilfuturo con #CancelleriPresidente #Sicilia pic.twitter.com/mClM4l7K8x,,#regionalisicilia #sceglieteilfuturo #CancelleriPresidente #Sicilia,2017-11-01 20:29:42,,https://twitter.com/XMERIDIO78/status/925807078064775168
agnostico43,925805193878482949,0,Regionali in #Sicilia . Titolo: "Ecco i 5 candidati alla presidenza". Purtroppo ho terminato il Geffer ottimo antiemetico pertanto passo oltre.,,#Sicilia,2017-11-01 20:22:13,,https://twitter.com/agnostico43/status/925805193878482949
ViviCapena,925804715832639488,0,New post: Elezioni regionali Sicilia  i listini dei 5 candidati a presidente http:// vivicapena.com/elezioni-regio nali-sicilia-i-listini-dei-5-candidati-a-presidente-2/ … http:// fb.me/6X6IeMaMW,,,2017-11-01 20:20:19,,https://twitter.com/ViviCapena/status/925804715832639488
ViviCapena,925804656256868352,0,New post: Elezioni regionali Sicilia  i listini dei 5 candidati a presidente http:// vivicapena.com/elezioni-regio nali-sicilia-i-listini-dei-5-candidati-a-presidente-2/ …,,,2017-11-01 20:20:05,,https://twitter.com/ViviCapena/status/925804656256868352
empedoclino,925804233806483456,0,#Berlusconi in #Sicilia c #regionali annuncia spartizione ministeri prossimo #governo ITA. Evidentemente scommette su un'onda molto lunga,,#Berlusconi #Sicilia #regionali #governo,2017-11-01 20:18:24,,https://twitter.com/empedoclino/status/925804233806483456
RDAsrls,925803626005712897,0,new info online Regionali Sicilia  Berlusconi a Palermo: "Accordo con Salvini e Meloni per governo del Paese" http:// ow.ly/bu6R50eWl2V,,,2017-11-01 20:15:59,,https://twitter.com/RDAsrls/status/925803626005712897
Massy2013,925803145539747841,0,#Elezioni regionali : Tutti i Big politici in #Sicilia . L'isola dei f....osi.,,#Elezioni #Sicilia,2017-11-01 20:14:05,,https://twitter.com/Massy2013/status/925803145539747841
aderenzis1,925802065594671104,0,Regionali Sicilia  Berlusconi a Palermo: "Accordo con Salvini e Meloni per governo del Paese" http:// palermo.repubblica.it/politica/2017/ 11/01/news/regionali_sicilia_berlusconi_a_palermo_accordo_con_salvini_e_meloni_per_governo_del_paese_-179966148/ … via @repubblica,@repubblica,,2017-11-01 20:09:47,,https://twitter.com/aderenzis1/status/925802065594671104
repubblica,925801917539803136,7,Regionali Sicilia  Berlusconi a Palermo: "Accordo con Salvini e Meloni per governo del Paese" http:// larep.it/2z67vza,,,2017-11-01 20:09:12,,https://twitter.com/repubblica/status/925801917539803136
SkyTG24,925801648718454784,3,Elezioni regionali Sicilia  i listini dei 5 candidati a presidente http:// sky.tg/jHH35 #politica,,#politica,2017-11-01 20:08:08,,https://twitter.com/SkyTG24/status/925801648718454784
primaiVeneti,925800716912021504,0,Regionali : comincia il tour di Salvini in Sicilia http:// infocatania.com/2017/11/01/reg ionali-comincia-il-tour-di-salvini-in-sicilia/ …,,,2017-11-01 20:04:26,,https://twitter.com/primaiVeneti/status/925800716912021504
rep_palermo,925799123445362688,0,Regionali Sicilia  Berlusconi a Palermo: "Accordo con Salvini e Meloni per governo del Paese" http:// larep.it/2z67vza,,,2017-11-01 19:58:06,,https://twitter.com/rep_palermo/status/925799123445362688
Si24it,925797784724402177,0,Regionali #Sicilia  #Berlusconi incorona #Musumeci : "È garanzia di onestà trasparenza e competenza" http://www. si24.it/?p=418963 pic.twitter.com/tgA8ayWsj2,,#Sicilia #Berlusconi #Musumeci,2017-11-01 19:52:47,,https://twitter.com/Si24it/status/925797784724402177
lutz_matilda,925797180660690944,0,Regionali Sicilia  Berlusconi incorona Musumeci | “È garanzia di onestà trasparenza e competenza” http:// ift.tt/2bPpThy,,,2017-11-01 19:50:23,,https://twitter.com/lutz_matilda/status/925797180660690944
tecnogers,925796661019987968,0,( Regionali Sicilia  Berlusconi a Palermo: "Accordo con Salvini e Meloni per governo del Paese") su T ... - https:// tecnogers.altervista.org/blog/regionali -sicilia-berlusconi-a-palermo-accordo-con-salvini-e-meloni-per-governo-del-paese/ …,,,2017-11-01 19:48:19,,https://twitter.com/tecnogers/status/925796661019987968
PAttinasi,925796007027335168,0,Regionali Sicilia  Cuffaro spiazza Musumeci: "Gli 'impresentabili' li conosce bene" http:// fb.me/2kj71h6Z1,,,2017-11-01 19:45:43,,https://twitter.com/PAttinasi/status/925796007027335168
SalvoLiguori1,925794657472217089,0,Retweeted Repubblica Palermo ( @rep_palermo ): #RegionaliSicilia  #Berlusconi a Palermo: "Nessun governo ha fatto... http:// fb.me/zdrCUYTq,@rep_palermo,#RegionaliSicilia #Berlusconi,2017-11-01 19:40:21,,https://twitter.com/SalvoLiguori1/status/925794657472217089
rep_palermo,925793177285603330,7,#RegionaliSicilia  #Berlusconi a Palermo: "Nessun governo ha fatto per la Sicilia ciò che abbiamo fatto noi" Foto di Mike Palazzotto pic.twitter.com/1d8BhG894L,,#RegionaliSicilia #Berlusconi,2017-11-01 19:34:28,,https://twitter.com/rep_palermo/status/925793177285603330
CastelbuonoOrg,925792351041282048,0,Regionali  incontro con Pino Di Gesaro per “Cento passi per la Sicilia ” [riceviamo e pubblichiamo]… http://www. castelbuono.org/regionali-inco ntro-con-pino-di-gesaro-per-cento-passi-per-la-sicilia/ …,,,2017-11-01 19:31:11,,https://twitter.com/CastelbuonoOrg/status/925792351041282048
Ignazio_Brusca,925792247983026176,0,Regionali Sicilia  Cuffaro spiazza Musumeci: "Gli 'impresentabili' li conosce bene" http:// fb.me/3JYp6yZpx,,,2017-11-01 19:30:46,,https://twitter.com/Ignazio_Brusca/status/925792247983026176
eziomauro,925790414485024774,2,Regionali Sicilia  Berlusconi a Palermo: "Accordo con Salvini e Meloni per governo del Paese" http:// palermo.repubblica.it/politica/2017/ 11/01/news/regionali_sicilia_berlusconi_a_palermo_accordo_con_salvini_e_meloni_per_governo_del_paese_-179966148/ … via @repubblica,@repubblica,,2017-11-01 19:23:29,,https://twitter.com/eziomauro/status/925790414485024774
salvatoredibla,925788963033542658,0,Queste elezioni regionali in Sicilia le hanno nascoste finchè potevano poi hanno scoperto che Giancarlo... http:// fb.me/99r9jqL0W,,,2017-11-01 19:17:43,,https://twitter.com/salvatoredibla/status/925788963033542658
TutteLeNotizie,925788419774545921,0,Regionali Sicilia  Berlusconi: "Crocetta ha derubato il vostro futuro" | A Catania vertice… https:// goo.gl/fb/iq17QR,,,2017-11-01 19:15:34,,https://twitter.com/TutteLeNotizie/status/925788419774545921
TuttaPalermo,925786382890618880,0,Regionali Sicilia  Berlusconi a Palermo: "Accordo con Salvini e Meloni per governo del Paese" http:// ift.tt/2ynzBGi,,,2017-11-01 19:07:28,,https://twitter.com/TuttaPalermo/status/925786382890618880
TutteLeNotizie,925785840940453888,0,Regionali Sicilia  Berlusconi a Palermo: "Accordo con Salvini e Meloni per governo del… https:// goo.gl/fb/56GHnL,,,2017-11-01 19:05:19,,https://twitter.com/TutteLeNotizie/status/925785840940453888
RDAsrls,925784930981949441,0,info attualità Regionali Sicilia  Berlusconi a Palermo: "Accordo con Salvini e Meloni per governo del Paese" http:// ow.ly/jtQk50eWeQy,,,2017-11-01 19:01:42,,https://twitter.com/RDAsrls/status/925784930981949441
repubblica,925783045155590144,7,Regionali Sicilia  Berlusconi a Palermo: "Accordo con Salvini e Meloni per governo del Paese" http:// larep.it/2z6iqsk,,,2017-11-01 18:54:12,,https://twitter.com/repubblica/status/925783045155590144
ilquotidiano1,925782832374566919,0,Regionali Sicilia  Berlusconi a Palermo: "Accordo con Salvini e Meloni per governo del… https:// goo.gl/fb/Pbm21G,,,2017-11-01 18:53:22,,https://twitter.com/ilquotidiano1/status/925782832374566919
INARCHSICILIA,925782596004601856,0,La lettera di IN/ARCH Sicilia ai candidati Governatori alle prossime Elezioni Regionali del 5 novembre 2017.... http:// fb.me/QzPpmKzV,,,2017-11-01 18:52:25,,https://twitter.com/INARCHSICILIA/status/925782596004601856
RepubblicaTv,925781250131894272,0,Regionali Sicilia  Berlusconi: ''Governo di centrosinistra ha derubato futuro'' http:// larep.it/2z3ZTNw,,,2017-11-01 18:47:04,,https://twitter.com/RepubblicaTv/status/925781250131894272
repubblica,925780549053976576,4,Regionali Sicilia  Berlusconi a Palermo: "Accordo con Salvini e Meloni per governo del Paese" http:// larep.it/2z5cTTe,,,2017-11-01 18:44:17,,https://twitter.com/repubblica/status/925780549053976576
repubblica,925780521941999616,0,Regionali Sicilia  Berlusconi a Palermo: "Accordo con Salvini e Meloni per governo del Paese" http:// larep.it/2z6h8xu,,,2017-11-01 18:44:11,,https://twitter.com/repubblica/status/925780521941999616
alessiobalbi,925780512257466368,0,Regionali Sicilia  Berlusconi a Palermo: "Accordo con Salvini e Meloni per governo del Paese" http:// larep.it/2hvdraV [a],,,2017-11-01 18:44:08,,https://twitter.com/alessiobalbi/status/925780512257466368
notizie_palermo,925778779032584192,0,Repubblica: Regionali Sicilia  Berlusconi a Palermo: "Accordo con Salvini e Meloni per governo del Paese" http:// ift.tt/2ynzBGi #palermo,,#palermo,2017-11-01 18:37:15,,https://twitter.com/notizie_palermo/status/925778779032584192
demmy747,925777732021125121,1,Retweeted la Repubblica ( @repubblica ): Regionali Sicilia  Cuffaro spiazza Musumeci: "Gli 'impresentabili' li... http:// fb.me/41DDsdrDF,@repubblica,,2017-11-01 18:33:06,,https://twitter.com/demmy747/status/925777732021125121
NewsTG_,925777029924048901,0,#ULTIMORA REGIONALI SICILIA : Berlusconi: Chi vota per M5s non ha testa e non ragiona,,#ULTIMORA,2017-11-01 18:30:18,,https://twitter.com/NewsTG_/status/925777029924048901
Mainzer,925775075068076032,0,Regionali Sicilia  Cuffaro spiazza Musumeci: "Gli 'impresentabili' li conosce bene" http:// fb.me/EZtKU01C,,,2017-11-01 18:22:32,,https://twitter.com/Mainzer/status/925775075068076032
BULLARONINO,925772988728987648,0,ELEZIONI REGIONALI SICILIANE 2017 In Sicilia  stiamo facendo di tutto per danneggiare noi stessi e siccome... http:// fb.me/2WVE6UWpw,,,2017-11-01 18:14:15,,https://twitter.com/BULLARONINO/status/925772988728987648
lanci5455,925772232055508992,0,Elezioni Regionali Sicilia : il ritorno del Paleolitico. LaStampa: "Miccichè: "«Musumeci può vincere solo grazie... http:// fb.me/QxSpvvC5,,,2017-11-01 18:11:14,,https://twitter.com/lanci5455/status/925772232055508992
VotoSicilia,925767039024812032,0,Regionali Sicilia  la risposta di Rosato dopo l’attacco del grillino Parisi: “Cancelleri dica che non lo nominerà… http:// ift.tt/2xJVYBn,,,2017-11-01 17:50:36,,https://twitter.com/VotoSicilia/status/925767039024812032
joem5s,925766484290392064,22,Regionali Sicilia  Cuffaro spiazza Musumeci: "Gli 'impresentabili' li conosce bene" http:// palermo.repubblica.it/politica/2017/ 11/01/news/regionali_sicilia_cuffaro_intervista-179932617/ … via @repubblica,@repubblica,,2017-11-01 17:48:24,,https://twitter.com/joem5s/status/925766484290392064
notizie_palermo,925766462333177856,2,Repubblica: Regionali Sicilia  la risposta di Rosato dopo l’attacco del grillino Parisi: “Cancelleri dica che non lo nominerà basta violen…,,,2017-11-01 17:48:19,,https://twitter.com/notizie_palermo/status/925766462333177856
NSigaro,925765031437971456,0,Elezioni Sicilia  Salvini: “Le Regionali saranno la tomba delle larghe intese” - http:// goo.gl/alerts/Q4LQU #GoogleAlerts,,#GoogleAlerts,2017-11-01 17:42:38,,https://twitter.com/NSigaro/status/925765031437971456
Virus1979C,925764974982639617,10,Regionali Sicilia  Cuffaro spiazza Musumeci: "Gli 'impresentabili' li conosce bene" http:// palermo.repubblica.it/politica/2017/ 11/01/news/regionali_sicilia_cuffaro_intervista-179932617/ … via @repubblica,@repubblica,,2017-11-01 17:42:24,,https://twitter.com/Virus1979C/status/925764974982639617
Fabriziopass,925761988768206848,0,@Alitalia Come fare a richiedere le agevolazioni per le elezioni Regionali Sicilia del 5/11? Premetto che il biglietto l'ho già acquistato.,@Alitalia,,2017-11-01 17:30:32,,https://twitter.com/Fabriziopass/status/925761988768206848
AgenPolitica,925757408496029697,0,CENTRO DESTRA UNITO PER LE REGIONALI IN SICILIA  L'APPELLO DELLA MELONI http://www. agendapolitica.it/centro-destra- unito-le-regionali-sicilia-lappello-della-meloni/ …,,,2017-11-01 17:12:20,,https://twitter.com/AgenPolitica/status/925757408496029697
OpenGDB,925754613118259201,0,#1novembre -4 al #5novembre #DiventeràBellissima #Musumeci #Sicilia #EleSicilia #Elezioni #regionali #Regionali2017 #Sicilia2017 #Nebrodi https:// twitter.com/Musumeci_Staff /status/925753828426813445 …,,#1novembre #5novembre #Diventer #Musumeci #Sicilia #EleSicilia #Elezioni #regionali #Regionali2017 #Sicilia2017 #Nebrodi,2017-11-01 17:01:14,,https://twitter.com/OpenGDB/status/925754613118259201
ElioLannutti,925747679073890304,8,Regionali #Sicilia  #Cuffaro spiazza #Musumeci : "Gli 'impresentabili' li conosce bene. Ma non erano tutti... http:// fb.me/CX2oKzUa,,#Sicilia #Cuffaro #Musumeci,2017-11-01 16:33:40,,https://twitter.com/ElioLannutti/status/925747679073890304
giordlain,925746451468169217,0,Regionali Sicilia  Grillo: 'Questo non è un voto è un referendum tra vecchio e nuovo' https:// video.repubblica.it/edizione/paler mo/regionali-sicilia-grillo-questo-non-e-un-voto-e-un-referendum-tra-vecchio-e-nuovo/288336/288945 … via @repubblica,@repubblica,,2017-11-01 16:28:48,,https://twitter.com/giordlain/status/925746451468169217
GuccioneGianni,925746343460696065,0,Regionali Sicilia  Cuffaro spiazza Musumeci: "Gli 'impresentabili' li conosce bene" http:// fb.me/7emUO4HGh,,,2017-11-01 16:28:22,,https://twitter.com/GuccioneGianni/status/925746343460696065
mickeyman76,925744274699845634,0,Regionali Sicilia  Costanza Castello incontra oggi i cittadini di Augusta http:// it.blastingnews.com/politica/2017/ 11/regionali-sicilia-costanza-castello-incontra-oggi-i-cittadini-di-augusta-002136791.html …,,,2017-11-01 16:20:09,,https://twitter.com/mickeyman76/status/925744274699845634
BULLARONINO,925741603179941889,0,Regionali Sicilia  Cuffaro spiazza Musumeci: "Gli 'impresentabili' li conosce bene" http:// fb.me/6X2ro9Khe,,,2017-11-01 16:09:32,,https://twitter.com/BULLARONINO/status/925741603179941889
lucianoaforte,925741295297064963,0,#magistrati sono concentrati su #regionali #sicilia . a 5 gg. da elezioni si indaga su fatti di 23 anni fa. la #giustizia puo' attendere.,,#magistrati #regionali #sicilia #giustizia,2017-11-01 16:08:18,,https://twitter.com/lucianoaforte/status/925741295297064963
Urzi_Pietro,925741025670332422,0,Regionali Sicilia  Cuffaro spiazza Musumeci: "Gli 'impresentabili' li conosce bene" http:// palermo.repubblica.it/politica/2017/ 11/01/news/regionali_sicilia_cuffaro_intervista-179932617/ … via @repubblica,@repubblica,,2017-11-01 16:07:14,,https://twitter.com/Urzi_Pietro/status/925741025670332422
santangeloitalo,925739497337311232,0,I deputati regionali della Sicilia sono pagati come i senatori. Il referendum va fatto per abolire le Regioni speciali non per farne altre pic.twitter.com/lQUF5n1aCO,,,2017-11-01 16:01:10,,https://twitter.com/santangeloitalo/status/925739497337311232
disambigua49,925738518504202240,0,Regionali Sicilia  Cuffaro spiazza Musumeci: "Gli 'impresentabili' li conosce bene" http:// palermo.repubblica.it/politica/2017/ 11/01/news/regionali_sicilia_cuffaro_intervista-179932617/ … via @repubblica,@repubblica,,2017-11-01 15:57:16,,https://twitter.com/disambigua49/status/925738518504202240
Gianluca_C_,925735720047775745,0,Regionali Sicilia  Cuffaro spiazza Musumeci: "Gli 'impresentabili' li conosce bene" http:// fb.me/2jWtHh7jh,,,2017-11-01 15:46:09,,https://twitter.com/Gianluca_C_/status/925735720047775745
interrisnews,925734883514900480,0,Prove di unità tra #ForzaItalia e #Lega in vista delle regionali in Sicilia https://www. interris.it/italia/salvini -no-ai-voti-della-mafia-e-dei-raccomandati …,,#ForzaItalia #Lega,2017-11-01 15:42:50,,https://twitter.com/interrisnews/status/925734883514900480
luigibille1,925731861434912769,0,Fortunatamente Renzi và dapperttutto persino in America e non sa che il PD ha un suo candidato alle regionali in Sicilia . Credibilità PD=0,,,2017-11-01 15:30:49,,https://twitter.com/luigibille1/status/925731861434912769
rep_palermo,925731165956317184,0,Regionali Sicilia  Di Maio: "Siamo sotto attacco" e chiama i militanti alla mobilitazione http:// larep.it/2huuuKd,,,2017-11-01 15:28:03,,https://twitter.com/rep_palermo/status/925731165956317184
notizie_palermo,925730013961490432,0,Repubblica: Regionali Sicilia  Di Maio: "Siamo sotto attacco" e chiama i militanti alla mobilitazione http:// ift.tt/2ykQYHW #palermo,,#palermo,2017-11-01 15:23:29,,https://twitter.com/notizie_palermo/status/925730013961490432
silviotorre,925728903670456320,0,di Luigi Di Maio Queste elezioni regionali in Sicilia le hanno nascoste finchè potevano poi hanno scoperto che... http:// fb.me/1FOJotBRC,,,2017-11-01 15:19:04,,https://twitter.com/silviotorre/status/925728903670456320
carlolavore,925728809248284672,0,Regionali Sicilia  Cuffaro spiazza Musumeci: "Gli 'impresentabili' li conosce bene",,,2017-11-01 15:18:41,,https://twitter.com/carlolavore/status/925728809248284672
mezza_parola,925728236394434561,0,#news Regionali  i Forconi annunciano il sostegno a La Rosa di Giornale di Sicilia https://www. mezzaparola.org/regionali-i-fo rconi-annunciano-il-sostegno-a-la-rosa/ … pic.twitter.com/lAf3fVh9jL,,#news,2017-11-01 15:16:25,,https://twitter.com/mezza_parola/status/925728236394434561
longstone2,925724901604020224,0,Ho ma stai sempre in giro? Mi raccomando torna per domenica sera che ci sono i risultati delle regionali in Sicilia ...,,,2017-11-01 15:03:10,,https://twitter.com/longstone2/status/925724901604020224
nicmax25,925718132924272643,3,#RegionaliSicilia : il camerata #Musumeci in affanno arriva Berlusconi pic.twitter.com/AhMu5tzAc5,,#RegionaliSicilia #Musumeci,2017-11-01 14:36:16,,https://twitter.com/nicmax25/status/925718132924272643
ste_FUN_otis,925717920310878214,0,#RegionaliSicilia  Cuffaro spiazza #Musumeci : "Gli 'impresentabili' li conosce bene" NO ALLA POLITICA FILO-MAFIOSA http:// palermo.repubblica.it/politica/2017/ 11/01/news/regionali_sicilia_cuffaro_intervista-179932617/ …,,#RegionaliSicilia #Musumeci,2017-11-01 14:35:25,,https://twitter.com/ste_FUN_otis/status/925717920310878214
giandomenico44,925716900264529920,1,I media hanno oscurato le Elezioni Regionali in Sicilia ma ora a meno 4 giorni dal voto il M5S ha bisogno di voi!... http://www. beppegrillo.it/2017/11/meno_q uattro_al.html …,,,2017-11-01 14:31:22,,https://twitter.com/giandomenico44/status/925716900264529920
Tp24it,925716227842068480,0,Elezioni regionali  Silvia Calvanico interviene sull'aeroporto di Birgi http:// ift.tt/2ykUVwm #Sicilia #Notizie #Tp24,,#Sicilia #Notizie #Tp24,2017-11-01 14:28:42,,https://twitter.com/Tp24it/status/925716227842068480
PScibetta,925712601648173057,0,Regionali Sicilia  Cuffaro spiazza Musumeci: "Gli 'impresentabili' li conosce bene" http:// fb.me/8caCQvWIy,,,2017-11-01 14:14:17,,https://twitter.com/PScibetta/status/925712601648173057
Tp24it,925709746585456640,0,Elezioni regionali  Paolo Ruggirello: "Inderogabili i problemi economici del territorio" http:// ift.tt/2z9e97k #Sicilia #Notizie #Tp24,,#Sicilia #Notizie #Tp24,2017-11-01 14:02:57,,https://twitter.com/Tp24it/status/925709746585456640
amoimotori,925709035864592389,0,Regionali Sicilia  Cuffaro spiazza Musumeci: "Gli 'impresentabili' li conosce bene" http:// dlvr.it/PygqpZ pic.twitter.com/huI3Z6n1Ks,,,2017-11-01 14:00:07,,https://twitter.com/amoimotori/status/925709035864592389
Udc_Sicilia,925708698839928832,0,Alle prossime elezioni regionali in Sicilia del 5 novembre FAI VINCERE IL TUO FUTURO! VOTA UDC! pic.twitter.com/xAq2ZXgcrr,,,2017-11-01 13:58:47,,https://twitter.com/Udc_Sicilia/status/925708698839928832
UdcIta,925708259625000960,4,Alle prossime elezioni regionali in Sicilia del 5 novembre FAI VINCERE IL TUO FUTURO! VOTA UDC! pic.twitter.com/b7G7SVUPxU,,,2017-11-01 13:57:02,,https://twitter.com/UdcIta/status/925708259625000960
L_Cesa,925707798180237312,0,Alle prossime elezioni regionali in Sicilia del 5 novembre FAI VINCERE IL TUO FUTURO! VOTA UDC! pic.twitter.com/SM8Wthhcs9,,,2017-11-01 13:55:12,,https://twitter.com/L_Cesa/status/925707798180237312
TourMadeInItaly,925706972355317760,0,Regionali Sicilia  De Luca (M5s) a Tortorici: “Puntare su allevamenti e turismo”... #turismo #madeinitaly https:// goo.gl/UMhL7D,,#turismo #madeinitaly,2017-11-01 13:51:55,,https://twitter.com/TourMadeInItaly/status/925706972355317760
WebGinMovimento,925706601830367237,0,#regionali #Sicilia date tour http:// fb.me/5RVjmynLL,,#regionali #Sicilia,2017-11-01 13:50:27,,https://twitter.com/WebGinMovimento/status/925706601830367237
L_Cesa,925706577507684352,0,Incontro stamane con @AntonioDePoli e il candidato #Udc alle regionali in #Sicilia @danilologiudice  sindaco di Santa Teresa di Riva pic.twitter.com/C88ehuT1kL,@AntonioDePoli @danilologiudice,#Udc #Sicilia,2017-11-01 13:50:21,,https://twitter.com/L_Cesa/status/925706577507684352
Udc_Sicilia,925706043103109123,0,. @L_Cesa e @AntonioDePoli incontrano il candidato #Udc alle regionali in #Sicilia @danilologiudice  sindaco di Santa Teresa di Riva pic.twitter.com/axNYuOAFxB,@L_Cesa @AntonioDePoli @danilologiudice,#Udc #Sicilia,2017-11-01 13:48:14,,https://twitter.com/Udc_Sicilia/status/925706043103109123
UdcIta,925705855177318400,0,. @L_Cesa e @AntonioDePoli incontrano il candidato #Udc alle regionali in #Sicilia @danilologiudice  sindaco di Santa Teresa di Riva pic.twitter.com/3MIIITyFpp,@L_Cesa @AntonioDePoli @danilologiudice,#Udc #Sicilia,2017-11-01 13:47:29,,https://twitter.com/UdcIta/status/925705855177318400
Cesare86077898,925705405942071296,1,Regionali Sicilia  Cuffaro spiazza Musumeci: "Gli 'impresentabili' li conosce bene" http:// palermo.repubblica.it/politica/2017/ 11/01/news/regionali_sicilia_cuffaro_intervista-179932617/ … via @repubblica,@repubblica,,2017-11-01 13:45:42,,https://twitter.com/Cesare86077898/status/925705405942071296
carlaruocco1,925703765453307905,125,MENO QUATTRO AL VOTO: ABBIAMO BISOGNO DEL VOSTRO AIUTO! Queste elezioni regionali in Sicilia le hanno nascoste... http:// fb.me/zSehVArm,,,2017-11-01 13:39:11,,https://twitter.com/carlaruocco1/status/925703765453307905
llugli,925702883584167936,2,Sicilia : meno 4 al voto. Abbiamo bisogno di voi! - MoVimento 5 Stelle di Luigi Di Maio Queste elezioni regionali ... http:// fb.me/ALk9lIn2,,,2017-11-01 13:35:40,,https://twitter.com/llugli/status/925702883584167936
LaraLodato,925702518201516032,1,Queste elezioni regionali in Sicilia le hanno nascoste finchè potevano poi hanno scoperto che Giancarlo... http:// fb.me/1NqbsoOVw,,,2017-11-01 13:34:13,,https://twitter.com/LaraLodato/status/925702518201516032
antbrg,925702186549604352,0,Regionali Sicilia  Cuffaro spiazza Musumeci: "Gli 'impresentabili' li conosce bene" http:// fb.me/6DoBZZXIz,,,2017-11-01 13:32:54,,https://twitter.com/antbrg/status/925702186549604352
chiarabolzoni93,925701991451435009,0,Regionali Sicilia  Cuffaro spiazza Musumeci: "Gli 'impresentabili' li conosce bene" http:// dlvr.it/PygdcX pic.twitter.com/vMHe3y26gt,,,2017-11-01 13:32:08,,https://twitter.com/chiarabolzoni93/status/925701991451435009
nicola_manzo,925701939131830272,0,Sicilia : meno 4 al voto. Abbiamo bisogno di voi! - di Luigi Di Maio Queste elezioni regionali in Sicilia le han... http:// ow.ly/8Rqg50eVW9V,,,2017-11-01 13:31:55,,https://twitter.com/nicola_manzo/status/925701939131830272
giovannilenares,925701299047452672,0,Regionali  Micari alla convention di Musumeci | Sicilia Network http:// fb.me/1LFYAGyty,,,2017-11-01 13:29:23,,https://twitter.com/giovannilenares/status/925701299047452672
Enric0Chessa,925701153693880320,0,Intrighi candidati impresentabili e pupari occulti: ecco a voi le elezioni regionali in Sicilia http:// espresso.repubblica.it/palazzo/2017/1 0/27/news/intrighi-candidati-impresentabili-e-pupari-occulti-ecco-a-voi-le-elezioni-regionali-in-sicilia-1.312960 …,,,2017-11-01 13:28:48,,https://twitter.com/Enric0Chessa/status/925701153693880320
tuttorelativo1,925700801233936384,0,suvvia signori diciamoci la verità 1 volta tantole uniche regionali pulite in Sicilia ci sarebbero solo con candidati Tedeschi scelti da D,,,2017-11-01 13:27:24,,https://twitter.com/tuttorelativo1/status/925700801233936384
alessiobalbi,925699471165370368,0,Regionali Sicilia  Cuffaro spiazza Musumeci: "Gli 'impresentabili' li conosce bene" http:// larep.it/2z3kcL5 [a],,,2017-11-01 13:22:07,,https://twitter.com/alessiobalbi/status/925699471165370368
midellam01,925699415997808640,0,Regionali Sicilia  Cuffaro spiazza Musumeci: "Gli 'impresentabili' li conosce bene" http:// palermo.repubblica.it/politica/2017/ 11/01/news/regionali_sicilia_cuffaro_intervista-179932617/ … via @repubblica,@repubblica,,2017-11-01 13:21:54,,https://twitter.com/midellam01/status/925699415997808640
augustinbreda,925699181754413056,0,Retweeted la Repubblica ( @repubblica ): Regionali Sicilia  Cuffaro spiazza Musumeci: "Gli 'impresentabili' li... http:// fb.me/4fiIez7C8,@repubblica,,2017-11-01 13:20:58,,https://twitter.com/augustinbreda/status/925699181754413056
repubblica,925698484388241410,4,Regionali Sicilia  Cuffaro spiazza Musumeci: "Gli 'impresentabili' li conosce bene" http:// larep.it/2z4a1Ws,,,2017-11-01 13:18:11,,https://twitter.com/repubblica/status/925698484388241410
Delfinista87,925697566343385088,0,I siciliani che amano la propria terra devono tutti andare a votare per le elezioni regionali in Sicilia mi auguro che votino tutti tutti!,,,2017-11-01 13:14:33,,https://twitter.com/Delfinista87/status/925697566343385088
repubblica,925696964846424064,9,Regionali Sicilia  Cuffaro spiazza Musumeci: "Gli 'impresentabili' li conosce bene" http:// larep.it/2htTbGD,,,2017-11-01 13:12:09,,https://twitter.com/repubblica/status/925696964846424064
mezza_parola,925696812073345025,0,#news Il Cavaliere le accuse di mafia e le Regionali : «Nello non devi preoccuparti» di La Sicilia https://www. mezzaparola.org/il-cavaliere-l e-accuse-di-mafia-e-le-regionali-nello-non-devi-preoccuparti/ … pic.twitter.com/RgcsbKVeYk,,#news,2017-11-01 13:11:33,,https://twitter.com/mezza_parola/status/925696812073345025
Azzurra_C,925696452558573569,24,MENO QUATTRO AL VOTO: ABBIAMO BISOGNO DEL VOSTRO AIUTO! Queste elezioni regionali in Sicilia le hanno nascoste... http:// fb.me/Ezw0XUNE,,,2017-11-01 13:10:07,,https://twitter.com/Azzurra_C/status/925696452558573569
Tp24it,925696038651953152,0,Elezioni regionali  Tranchida interviene sulla chiusura della piscina comunale di Trapani http:// ift.tt/2gTPFVo #Sicilia #Notizie #Tp24,,#Sicilia #Notizie #Tp24,2017-11-01 13:08:28,,https://twitter.com/Tp24it/status/925696038651953152
condorellimauro,925694722001260544,0,Avrei avuto il piacere di conoscerti e vederti candidata alle prossime elezioni regionali del 5 novembre in Sicilia ...... Peccato.,,,2017-11-01 13:03:14,,https://twitter.com/condorellimauro/status/925694722001260544
MontanaWalter,925693356776280065,1,Regionali Sicilia  Cuffaro spiazza Musumeci: "Gli 'impresentabili' li conosce bene" http:// fb.me/1zrrUrEaV,,,2017-11-01 12:57:49,,https://twitter.com/MontanaWalter/status/925693356776280065
desantismar,925691154754129921,0,Regionali Sicilia  Cuffaro spiazza Musumeci: "Gli 'impresentabili' li conosce bene" http:// fb.me/IH0VT8RB,,,2017-11-01 12:49:04,,https://twitter.com/desantismar/status/925691154754129921
rep_palermo,925690287938293760,8,#LAFOTOGALLERY #RegionaliSicilia  #Micari al #Capo con #Orlando : "Impresentabili che ci sta a fare l'Antimafia?" http:// larep.it/2ylksFG pic.twitter.com/XJZqWF1n0u,,#LAFOTOGALLERY #RegionaliSicilia #Micari #Capo #Orlando,2017-11-01 12:45:37,,https://twitter.com/rep_palermo/status/925690287938293760
Tp24it,925689751981654016,0,Elezioni regionali  Stefano Pellegrino chiude la campagna elettorale a Porta Nuova http:// ift.tt/2imYtTI #Sicilia #Notizie #Tp24,,#Sicilia #Notizie #Tp24,2017-11-01 12:43:30,,https://twitter.com/Tp24it/status/925689751981654016
infoagrigent,925687257046142976,0,#RegionaliSicilia : ecco la storia delle ultime tornate elettorali http://www. infoagrigento.it/54331-regional i-sicilia-la-storia-delle-ultime-tornate-elettorali …,,#RegionaliSicilia,2017-11-01 12:33:35,,https://twitter.com/infoagrigent/status/925687257046142976
costa_costa1967,925686835329761281,7,Grazie ai Forconi per l'appoggio a #SicilianiLiberi #RegionaliSicilia https:// twitter.com/SicilianiLiber i/status/925670619756326912 …,,#SicilianiLiberi #RegionaliSicilia,2017-11-01 12:31:54,,https://twitter.com/costa_costa1967/status/925686835329761281
OregonAntonio,925686640005337088,0,A pochi giorni dalle regionali in Sicilia  spunta inesorabilmente puntuale l'accanimento giudiziario contro Silvio Berlusconi. PERCHE'?,,,2017-11-01 12:31:08,,https://twitter.com/OregonAntonio/status/925686640005337088
fainformazione,925686520819875840,0,Renzi abbandona le regionali in Sicilia per non esser coinvolto in quella che ormai è già una sconfitta certa https:// fai.informazione.it/717B193B-5B35- 430E-8497-BCE29222B148/Renzi-abbandona-le-regionali-in-Sicilia-per-non-esser-coinvolto-in-quella-che-ormai-e-gia-una-sconfitta-certa …,,,2017-11-01 12:30:39,,https://twitter.com/fainformazione/status/925686520819875840
fainfopolitica,925686515220602880,0,Renzi abbandona le regionali in Sicilia per non esser coinvolto in quella che ormai è già una sconfitta certa https:// fai.informazione.it/717B193B-5B35- 430E-8497-BCE29222B148/Renzi-abbandona-le-regionali-in-Sicilia-per-non-esser-coinvolto-in-quella-che-ormai-e-gia-una-sconfitta-certa …,,,2017-11-01 12:30:38,,https://twitter.com/fainfopolitica/status/925686515220602880
lucianoaforte,925682481713598465,0,che bello . quando si torna indietro ai risultati di 23 anni fa significa che il pd e' alla frutta! #regionali #sicilia #elezioni,,#regionali #sicilia #elezioni,2017-11-01 12:14:36,,https://twitter.com/lucianoaforte/status/925682481713598465
Ianniz8,925681599097733121,0,Regionali Sicilia  Cuffaro spiazza Musumeci: "Gli 'impresentabili' li conosce bene" http:// fb.me/Qv44MKsc,,,2017-11-01 12:11:06,,https://twitter.com/Ianniz8/status/925681599097733121
MimmoGigliotti,925681506584092672,0,#RegionaliSicilia  Cuffaro spiazza #Musumeci : "Gli impresentabili li conosce bene" #ElezioniSicilia http:// palermo.repubblica.it/politica/2017/ 11/01/news/regionali_sicilia_cuffaro_intervista-179932617/ … via @repubblica,@repubblica,#RegionaliSicilia #Musumeci #ElezioniSicilia,2017-11-01 12:10:44,,https://twitter.com/MimmoGigliotti/status/925681506584092672
VotoSicilia,925681332671451137,0,Regionali Sicilia  MIcari al mercato del Capo con Orlando: "Impresentabili che ci sta a fare l'Antimafia?" http:// ift.tt/2h2owmM,,,2017-11-01 12:10:02,,https://twitter.com/VotoSicilia/status/925681332671451137
notizie_palermo,925680905733263361,0,Repubblica: Regionali Sicilia  MIcari al mercato del Capo con Orlando: "Impresentabili che ci sta a fare l'Antimafia?" …,,,2017-11-01 12:08:20,,https://twitter.com/notizie_palermo/status/925680905733263361
Udc_Sicilia,925675299861417985,0,. @EsterBonafede è ospite a Tribuna Elettorale Tgr #Sicilia dedicata alle prossime elezioni regionali del 5 novembre https:// youtu.be/9XlkGnqWE3I,@EsterBonafede,#Sicilia,2017-11-01 11:46:04,,https://twitter.com/Udc_Sicilia/status/925675299861417985
UdcIta,925675130696724480,0,. @EsterBonafede è ospite a Tribuna Elettorale Tgr #Sicilia dedicata alle prossime elezioni regionali del 5 novembre https:// youtu.be/9XlkGnqWE3I,@EsterBonafede,#Sicilia,2017-11-01 11:45:24,,https://twitter.com/UdcIta/status/925675130696724480
PALMAMOLLO,925674969241210880,0,Regionali Sicilia  Cuffaro spiazza Musumeci: "Gli 'impresentabili' li conosce bene" http:// palermo.repubblica.it/politica/2017/ 11/01/news/regionali_sicilia_cuffaro_intervista-179932617/ … via @repubblica,@repubblica,,2017-11-01 11:44:45,,https://twitter.com/PALMAMOLLO/status/925674969241210880
misterbiancocom,925673102742351872,0,#elezioni #misterbianco Regionali Sicilia 2017 come per cosa si vota e perché sono così importanti... http:// fb.me/TeKjyEpA,,#elezioni #misterbianco,2017-11-01 11:37:20,,https://twitter.com/misterbiancocom/status/925673102742351872
pompei5stelle,925671487092219905,3,#M5S Il voto alle regionali in #Sicilia è sempre più vicino ... Si vota domenica http:// fb.me/3jcX3Ztzh,,#M5S #Sicilia,2017-11-01 11:30:55,,https://twitter.com/pompei5stelle/status/925671487092219905
rep_palermo,925671285027250176,0,Regionali Sicilia : Musumeci in affanno arriva Berlusconi http:// larep.it/2huYnd8,,,2017-11-01 11:30:07,,https://twitter.com/rep_palermo/status/925671285027250176
L_Cesa,925669227637411841,0,A Rocca di Caprileone (ME) con il presidente #Udc @AntonioDePoli a sostegno del candidato #Udc all'elezioni regionali in #Sicilia Nino Calà pic.twitter.com/wJABgZ5e1A,@AntonioDePoli,#Udc #Udc #Sicilia,2017-11-01 11:21:56,,https://twitter.com/L_Cesa/status/925669227637411841
massimoneri90,925669169001091073,14,Regionali Sicilia  Cuffaro spiazza Musumeci: "Gli 'impresentabili' li conosce bene" http:// palermo.repubblica.it/politica/2017/ 11/01/news/regionali_sicilia_cuffaro_intervista-179932617/ … vía @repubblica,@repubblica,,2017-11-01 11:21:42,,https://twitter.com/massimoneri90/status/925669169001091073
GiulioLisciandr,925669029003649025,0,Regionali Sicilia  Cuffaro spiazza Musumeci: "Gli 'impresentabili' li conosce bene" http:// fb.me/zQI27VDM,,,2017-11-01 11:21:09,,https://twitter.com/GiulioLisciandr/status/925669029003649025
sindelicato,925667529690963968,0,Regionali Sicilia : Musumeci in affanno arriva Berlusconi http:// fb.me/ziwK0Jlt,,,2017-11-01 11:15:11,,https://twitter.com/sindelicato/status/925667529690963968
crigiometti,925666467852537856,0,Regionali Sicilia  Cuffaro spiazza Musumeci: "Gli 'impresentabili' li conosce bene" http:// fb.me/21v9qVDHL,,,2017-11-01 11:10:58,,https://twitter.com/crigiometti/status/925666467852537856
LucidoDavide,925665418060189696,0,Io voto @AlessandArico #5novembre #regionalisicilia pic.twitter.com/ZdRPJq0Y7N,@AlessandArico,#5novembre #regionalisicilia,2017-11-01 11:06:48,,https://twitter.com/LucidoDavide/status/925665418060189696
LucidoDavide,925663372330356736,5,Chiusura campagna elettorale di @AlessandArico con @SalvoCicu e @Musumeci_Staff #unitisivince #regionalisicilia #diventeràbellissima pic.twitter.com/lMYi00vZAz,@AlessandArico @SalvoCicu @Musumeci_Staff,#unitisivince #regionalisicilia #diventer,2017-11-01 10:58:40,,https://twitter.com/LucidoDavide/status/925663372330356736
avvFbianchini,925662329471201280,0,ELEZIONI REGIONALI DEL 5 NOVEMBRE 2017 12 PROPOSTE CONCRETE PER UNA SICILIA FAMILY FRIENDLY http:// sicilia.forumfamiglie.org/?p=1546,,,2017-11-01 10:54:31,,https://twitter.com/avvFbianchini/status/925662329471201280
giure99,925661821503238145,1,Non mi appassiono alle sorti di Berlusconi. Ma non i cetrioli agli occhi Giustizia a orologeria Alla vigilia delle regionali in Sicilia la procura di Firenze riapre l'inchiesta sulle stragi del 1993... http://www. ilfoglio.it/giustizia/2017 /10/31/news/giustizia-a-orologeria-berlusconi-di-nuovo-indagato-160736/ … Sarei ugualmente sdegnato se volessero agevolarlo,,,2017-11-01 10:52:30,,https://twitter.com/giure99/status/925661821503238145
BasilioCaruso,925661792797429760,0,Regionali Sicilia  Cuffaro spiazza Musumeci: "Gli 'impresentabili' li conosce bene" http:// fb.me/91OUvkBkV,,,2017-11-01 10:52:24,,https://twitter.com/BasilioCaruso/status/925661792797429760
enzo958,925661443265048578,1,#RegionaliSicilia #CancelleriPresidente Per non farti fottere dalla mafia! pic.twitter.com/0eolp5IfH0,,#RegionaliSicilia #CancelleriPresidente,2017-11-01 10:51:00,,https://twitter.com/enzo958/status/925661443265048578
lucamanetta1,925660861171200001,0,Regionali Sicilia  Cuffaro spiazza Musumeci: "Gli 'impresentabili' li conosce bene" http:// palermo.repubblica.it/politica/2017/ 11/01/news/regionali_sicilia_cuffaro_intervista-179932617/ … via @repubblica,@repubblica,,2017-11-01 10:48:41,,https://twitter.com/lucamanetta1/status/925660861171200001
Tp24it,925660754036051968,0,Elezioni regionali  lettera aperta ai cittadini di Eleonora Lo Curto http:// ift.tt/2znUAZW #Sicilia #Notizie #Tp24,,#Sicilia #Notizie #Tp24,2017-11-01 10:48:16,,https://twitter.com/Tp24it/status/925660754036051968
Castelvetranews,925660591578144768,0,Regionali  Ardagna (Ap): "Alla Sicilia servono amministratori non politicanti". Su Castelvetranonews.it http:// fb.me/6XwqNzzAx,,,2017-11-01 10:47:37,,https://twitter.com/Castelvetranews/status/925660591578144768
CatelliRossella,925658506950258688,0,Regionali Sicilia  Cuffaro spiazza Musumeci: "Gli 'impresentabili' li conosce bene" http:// palermo.repubblica.it/politica/2017/ 11/01/news/regionali_sicilia_cuffaro_intervista-179932617/ … via @repubblica,@repubblica,,2017-11-01 10:39:20,,https://twitter.com/CatelliRossella/status/925658506950258688
centercallsaler,925657831000412161,2,#RegionaliSicilia Amici siciliani dalla Campania punite i vostri aguzzini politici !!! Andate a votare https:// twitter.com/soniabetz1/sta tus/925338591366086656 …,,#RegionaliSicilia,2017-11-01 10:36:39,,https://twitter.com/centercallsaler/status/925657831000412161
fulviodeangeli1,925655423503536128,0,Regionali Sicilia  Cuffaro spiazza Musumeci: "Gli 'impresentabili' li conosce bene" http:// fb.me/2r9LVPBGJ,,,2017-11-01 10:27:05,,https://twitter.com/fulviodeangeli1/status/925655423503536128
DMALAGIGI2,925651764921163776,49,Regionali Sicilia  Cuffaro spiazza Musumeci: "Gli 'impresentabili' li conosce bene" http:// palermo.repubblica.it/politica/2017/ 11/01/news/regionali_sicilia_cuffaro_intervista-179932617/ … via @repubblica,@repubblica,,2017-11-01 10:12:33,,https://twitter.com/DMALAGIGI2/status/925651764921163776
rep_palermo,925651656842211328,4,Regionali Sicilia  Cuffaro spiazza Musumeci: "Gli 'impresentabili' li conosce bene" http:// larep.it/2hsPhha,,,2017-11-01 10:12:07,,https://twitter.com/rep_palermo/status/925651656842211328
Teleacras,925650942757883912,0,Elezioni Regionali in Sicilia  gli interventi – Teleacras http:// fb.me/2lqElbXRS,,,2017-11-01 10:09:17,,https://twitter.com/Teleacras/status/925650942757883912
CapitanoNews,925648633793359875,0,Regionali : comincia il tour di Salvini in Sicilia https://www. google.com/url?rct=j&sa=t &url=http%3A%2F%2Falgheronewsitaly.com%2F2017%2F11%2F01%2Fregionali-comincia-il-tour-di-salvini-in-sicilia.html&ct=ga&cd=CAIyGjc3YWU3MmE5MDg2M2EyZjM6Y29tOml0OlVT&usg=AFQjCNHl8FJuAJhJfseocW6tESSl8bEb4A&utm_source=dlvr.it&utm_medium=twitter … #salvini #lega,,#salvini #lega,2017-11-01 10:00:06,,https://twitter.com/CapitanoNews/status/925648633793359875
steal61,925647160577855488,14,#RegionaliSicilia #elezionisicilia #Impresentabili : #MusumeciPresidente ha perso il senso del ridicolo https://www. facebook.com/ilcappellopens atore/posts/1960096730869676 …,,#RegionaliSicilia #elezionisicilia #Impresentabili #MusumeciPresidente,2017-11-01 09:54:15,,https://twitter.com/steal61/status/925647160577855488
repubblica,925647120433999872,48,Regionali Sicilia  Cuffaro spiazza Musumeci: "Gli 'impresentabili' li conosce bene" http:// larep.it/2hsPhha,,,2017-11-01 09:54:05,,https://twitter.com/repubblica/status/925647120433999872
notizie_palermo,925646948572549120,1,Repubblica: Regionali Sicilia  Cuffaro spiazza Musumeci: "Gli 'impresentabili' li conosce bene" http:// ift.tt/2gSmhi0 #palermo,,#palermo,2017-11-01 09:53:24,,https://twitter.com/notizie_palermo/status/925646948572549120
BULLARONINO,925646207241932801,0,Elezioni regionali in Sicilia : si stanno dividendo le poltrone!!! http:// fb.me/97Aqs0Tgm,,,2017-11-01 09:50:28,,https://twitter.com/BULLARONINO/status/925646207241932801
Udc_Sicilia,925644411760992257,0,. @L_Cesa e @AntonioDePoli a Rocca di Caprileone (ME) con il candidato #Udc all'elezioni regionali in #Sicilia Nino Calà pic.twitter.com/x0ljMrlHph,@L_Cesa @AntonioDePoli,#Udc #Sicilia,2017-11-01 09:43:20,,https://twitter.com/Udc_Sicilia/status/925644411760992257
UdcIta,925644162933903360,0,. @L_Cesa e @AntonioDePoli a Rocca di Caprileone (ME) con il candidato #Udc all'elezioni regionali in #Sicilia Nino Calà pic.twitter.com/OVhI2jMYBg,@L_Cesa @AntonioDePoli,#Udc #Sicilia,2017-11-01 09:42:20,,https://twitter.com/UdcIta/status/925644162933903360
vivisicilia_it,925638503400173573,0,(Elezioni regionali in Sicilia  Angelo Parisi ha scandalizzato gli indignati cronici) pubblicato su vivienna -... http:// fb.me/3ZaT3ZMni,,,2017-11-01 09:19:51,,https://twitter.com/vivisicilia_it/status/925638503400173573
TerrinoniL,925626542998384640,0,Regionali Sicilia : Musumeci in affanno arriva Berlusconi http:// flip.it/C63Y8R,,,2017-11-01 08:32:19,,https://twitter.com/TerrinoniL/status/925626542998384640
TutteLeNotizie,925626121881837568,0,Regionali Sicilia : Musumeci in affanno arriva Berlusconi - La Repubblica https:// goo.gl/fb/6NNS7t,,,2017-11-01 08:30:39,,https://twitter.com/TutteLeNotizie/status/925626121881837568
TutteLeNotizie,925626101082349568,0,Regionali Sicilia : Musumeci in affanno arriva Berlusconi - La Repubblica https:// goo.gl/fb/gtjZQ2,,,2017-11-01 08:30:34,,https://twitter.com/TutteLeNotizie/status/925626101082349568
Radio24_news,925624887426854912,1,Viaggio nelle elezioni regionali in Sicilia | Radio24 http://www. radio24.ilsole24ore.com/notizie/viaggi o-elezioni-regionali-sicilia-170328-gSLAfDgmTC …,,,2017-11-01 08:25:45,,https://twitter.com/Radio24_news/status/925624887426854912
Brown_1948,925624654974373889,0,@matteosalvini Alle scorse regionali in sicilia insieme allo psiconano avete preso il 100% dei consensiche caxxo avete fatto???? pic.twitter.com/Tw95EM4ap9,@matteosalvini,,2017-11-01 08:24:49,,https://twitter.com/Brown_1948/status/925624654974373889
petrot14,925620340440563712,0,Elezioni Sicilia  Salvini: “Le Regionali saranno la tomba delle larghe intese” http://www. ilfattoquotidiano.it/premium/artico li/la-sicilia-sara-la-tomba-delle-larghe-intese/ … via @fattoquotidiano,@fattoquotidiano,,2017-11-01 08:07:41,,https://twitter.com/petrot14/status/925620340440563712
rep_palermo,925619930875117568,0,Regionali Sicilia : Musumeci in affanno arriva Berlusconi http:// larep.it/2huNOXH,,,2017-11-01 08:06:03,,https://twitter.com/rep_palermo/status/925619930875117568
notizie_palermo,925619346348572672,0,Repubblica: Regionali Sicilia : Musumeci in affanno arriva Berlusconi http:// ift.tt/2zmEqQm #palermo,,#palermo,2017-11-01 08:03:44,,https://twitter.com/notizie_palermo/status/925619346348572672
laperlaneranera,925594431792742400,1,Chi si IMMAGINAVA 20 anni fa che la LEGA NORD si presentava in lista alle REGIONALI della SICILIA Siate affamati e siate folli? NON MI FIDO https:// twitter.com/matteosalvinim i/status/925508694049284097 …,,,2017-11-01 06:24:43,,https://twitter.com/laperlaneranera/status/925594431792742400
SiciliaReporter,925593071512948736,0,Elezioni regionali Sicilia  Berlusconi a Palermo: “Le inchieste portano voti” http:// ift.tt/2A5scZo,,,2017-11-01 06:19:19,,https://twitter.com/SiciliaReporter/status/925593071512948736
SiciliaReporter,925591921225027584,0,Elezioni regionali 5 novembre: Fabrizio Micari punta sullo sport “Olimpiadi in Sicilia ” http:// ift.tt/2z7yfid,,,2017-11-01 06:14:45,,https://twitter.com/SiciliaReporter/status/925591921225027584
TourMadeInItaly,925591614428471298,0,Elezioni regionali 5 novembre: Fabrizio Micari punta sullo sport “Olimpiadi in Sicilia ”... #turismo #madeinitaly http:// j.mp/2z3eCYY,,#turismo #madeinitaly,2017-11-01 06:13:32,,https://twitter.com/TourMadeInItaly/status/925591614428471298
Brasile2014info,925530416798470144,0,Elezioni regionali Sicilia : Micari designa assessore allo sport l'ex ... - La Repubblica http:// ift.tt/2zVnqNe,,,2017-11-01 02:10:21,,https://twitter.com/Brasile2014info/status/925530416798470144
