Nodo,Rw Settembre,Rw Ottobre,Rw Novembre,Rw Dicembre,Rw Dicembre Predetto,Rwerrore
pugganagga,0.0,0.4,-0.08,0.0,0.16,8.0
FedericoCaland4,-1.0,-1.0,-1.0,-1.0,-1.0,0
figsardegna,,1.0,1.0,1.0,1.0,0
pasqualevallari,,0.99,0.01,0.01,0.01,0
Snoopy16466,-1.0,-1.0,-0.5,-0.5,-0.75,12.5
elenaruggeri2,,1.0,1.0,1.0,1.0,0
Centristi_ita,-1.0,-1.0,-1.0,-1.0,-1.0,0
A2Cas,,0.0,0.33,0.33,0.33,0
TIZIANAPOESIA,,-1.0,0.0,0.23,0.0,11.5
EugenioCardi,,-1.0,0.0,0.0,0.0,0
franco_dimuro,-1.0,-1.0,0.0,-0.0,-0.5,25.0
Anna10mila,,-1.0,0.14,0.01,0.14,6.5
elnaza,-1.0,-0.5,-0.03,0.05,-0.265,15.75
StefanoCetica,,1.0,-1.0,-1.0,-1.0,0
LorenzoPallara,,-1.0,-0.5,-0.5,-0.5,0
ClaraMutsc,,0.38,-0.0,0.03,0.0,1.5
Maria33759436,-0.5,0.5,0.5,0.5,0.5,0
gioart79,,0.7,-0.12,-0.01,-0.12,5.5
scuroscuroscuro,,0.31,0.0,0.74,0.0,37.0
nerodiseppia56,-1.0,0.67,0.33,0.67,0.5,8.500000000000002
tranellio,-0.33,-0.2,0.1,0.1,-0.05,7.500000000000001
lvoir,-1.0,0.0,0.11,0.09,0.055,1.7499999999999998
cristina_ilardo,,1.0,0.07,0.07,0.07,0
povtter3,-1.0,-1.0,-1.0,-1.0,-1.0,0
abitudinario,,0.67,0.01,0.01,0.01,0
Rocco_mitico,,-1.0,0.33,0.33,0.33,0
amata_lucia,,1.0,1.0,1.0,1.0,0
MauroMilano95,,1.0,0.33,0.33,0.33,0
Leo52535791,-1.0,-1.0,0.09,-0.01,-0.455,22.25
MariaAversano1,-0.33,0.2,-0.0,0.02,0.1,4.0
mariadmarzano,1.0,0.17,-0.12,0.0,0.02500000000000001,1.2500000000000004
aanddrreaa,,-0.5,-0.02,0.0,-0.02,1.0
pagliaro62,,-1.0,0.0,0.0,0.0,0
PediciniM5S,-1.0,-1.0,-1.0,-1.0,-1.0,0
Marcoelos,,-1.0,-0.15,-0.02,-0.15,6.5
luca_vidoni,,0.5,0.21,0.25,0.21,2.0000000000000004
DMALAGIGI2,,-1.0,0.0,0.0,0.0,0
mariamacina,,0.0,0.17,0.22,0.17,2.4999999999999996
nino_ippolito,-1.0,-1.0,1.0,1.0,0.0,50.0
BarrioLatino67,0.0,0.8,0.15,0.08,0.47500000000000003,19.75
banjopeloso,,0.0,0.0,0.08,0.0,4.0
Norrsken87,-1.0,-1.0,-0.2,-0.17,-0.6,21.499999999999996
Penelopy2000,,-1.0,0.17,0.33,0.17,8.0
ZzuCicciu,-1.0,-0.33,0.0,0.0,-0.165,8.25
sofya1966,0.0,0.75,1.0,1.0,0.875,6.25
Daniela_8277,,0.8,0.19,0.16,0.19,1.5
albegiorvalanga,1.0,-1.0,-1.0,-1.0,-1.0,0
d_acierno,,-1.0,0.19,0.0,0.19,9.5
LucClochard,,-1.0,1.0,1.0,1.0,0
VienDalMare84,-1.0,-0.5,0.01,0.01,-0.245,12.75
fabio_tiberia,,-1.0,0.0,0.0,0.0,0
claudiobonura,,-0.5,0.02,-0.12,0.02,6.999999999999999
barbaracannelli,,-1.0,-1.0,-1.0,-1.0,0
dileguossi,-1.0,-0.2,0.05,-0.1,-0.07500000000000001,1.2499999999999998
ttenti,,1.0,-1.0,-1.0,-1.0,0
fonsogenchi,-0.5,-0.5,-0.5,-0.5,-0.5,0
Ale_Maccagni,,-1.0,0.31,0.12,0.31,9.5
bournetw,-1.0,-1.0,-1.0,-1.0,-1.0,0
Elezioni2018_FI,,0.14,0.59,0.6,0.59,0.5000000000000004
soniabetz1,-1.0,-1.0,0.0,0.0,-0.5,25.0
jophx,1.0,1.0,1.0,1.0,1.0,0
oznerol4,,-1.0,0.04,-0.48,0.04,26.0
17VLR,-0.5,-0.33,0.0,0.0,-0.165,8.25
Giustizia47Vera,-0.5,-0.2,-0.04,0.02,-0.12000000000000001,7.000000000000001
beniamino_di,-1.0,-1.0,-1.0,-1.0,-1.0,0
NicastroGi,,1.0,-1.0,-1.0,-1.0,0
carlogiannini53,,-1.0,1.0,1.0,1.0,0
oppiliftw,,0.9,0.01,-0.0,0.01,0.5
FIG_Ascoli,,1.0,1.0,1.0,1.0,0
BosoniJacopo,0.0,0.75,1.0,1.0,0.875,6.25
Iceberg822,,1.0,1.0,1.0,1.0,0
R2Stweet,-1.0,-0.5,0.0,0.02,-0.25,13.5
MikeZapMG,-0.5,0.0,-0.02,-0.49,-0.01,24.0
mirkokrea78,,-1.0,0.02,0.27,0.02,12.5
OttoVola,-0.33,-0.5,-0.17,-0.17,-0.335,8.25
diMartedi,-1.0,1.0,1.0,1.0,1.0,0
RanaArrabbiata,,-1.0,-1.0,-1.0,-1.0,0
ster67e,-1.0,0.32,-0.04,0.03,0.14,5.500000000000001
Adriano_Gir,,1.0,1.0,1.0,1.0,0
Celli_Seba,,-1.0,0.0,0.0,0.0,0
Caffe_Graziella,,0.9,0.0,0.01,0.0,0.5
Miziok67,,-1.0,0.5,0.5,0.5,0
X12RED,,0.0,0.0,0.05,0.0,2.5
MariaAdelfina_,-1.0,-1.0,-1.0,-1.0,-1.0,0
Eugenio77948848,,-1.0,1.0,1.0,1.0,0
ing_rogi,,1.0,0.22,0.33,0.22,5.500000000000001
vitale_rosalba,0.0,0.75,1.0,1.0,0.875,6.25
RealTimeNews__,-1.0,-0.75,0.14,0.16,-0.305,23.25
BennonsAndreaw,,0.7,0.01,0.01,0.01,0
Giovanni_Nappi,,-1.0,1.0,1.0,1.0,0
paolo_stillo,,-1.0,0.5,0.0,0.5,25.0
gstelluti,-1.0,-0.67,-0.06,-0.05,-0.365,15.75
gia161170,,1.0,0.0,0.27,0.0,13.5
MaxLandra,,0.0,-0.09,-0.1,-0.09,0.5000000000000004
GraziaCostanzo,-1.0,-1.0,1.0,1.0,0.0,50.0
sysack,,1.0,1.0,1.0,1.0,0
IvanoLandi,0.0,0.8,0.21,0.23,0.505,13.750000000000002
MariaKostourou,-1.0,-1.0,-0.33,0.0,-0.665,33.25
italiano201415,-1.0,-0.5,0.01,0.01,-0.245,12.75
cinziasams,,-1.0,0.5,0.5,0.5,0
damorantonio,,-1.0,0.0,0.06,0.0,3.0
sergimagugliani,,0.0,-0.02,-0.02,-0.02,0
mayehmproject,0.0,0.8,0.83,0.85,0.815,1.7500000000000016
dippolitowilma,,0.5,0.13,0.0,0.13,6.5
pentotaldoll,-0.5,-0.33,0.0,-0.01,-0.165,7.75
ringetto65,,0.33,-0.11,0.02,-0.11,6.5
cookntil96,0.0,0.75,1.0,1.0,0.875,6.25
Ivancir68,-1.0,0.96,0.0,0.1,0.48,19.0
Sabina1956,,0.98,0.14,0.15,0.14,0.49999999999999906
pbecchi,,1.0,-1.0,-1.0,-1.0,0
Mario22426580,,-0.5,-0.33,-0.33,-0.33,0
UBrignone,,0.09,0.17,0.13,0.17,2.0000000000000004
ambionESC,0.0,0.8,0.83,0.85,0.815,1.7500000000000016
thelondonboys47,,-1.0,-0.12,-0.11,-0.12,0.4999999999999998
GiorgioMorresi,,-0.25,-0.13,-0.01,-0.13,6.000000000000001
Nasca64,,-1.0,-1.0,-1.0,-1.0,0
lucasplendore75,,1.0,1.0,1.0,1.0,0
MarioMalangone,,-1.0,0.25,0.4,0.25,7.500000000000001
jobbe50,,0.0,0.0,0.0,0.0,0
klausstropho,-1.0,-1.0,-1.0,-1.0,-1.0,0
Alfonso0070,,-1.0,-0.17,-0.14,-0.17,1.5
veratto_A,,0.9,0.08,-0.1,0.08,9.0
lamarypopp,,1.0,0.5,0.5,0.5,0
StefaniaT1,,-1.0,0.25,0.25,0.25,0
francescofp79,-1.0,-1.0,-1.0,-1.0,-1.0,0
lentinivince,0.0,-0.25,-0.1,-0.1,-0.175,3.749999999999999
mra_amico,,0.25,1.0,1.0,1.0,0
RoccoCipriano,,-1.0,0.1,0.08,0.1,1.0000000000000002
VincenzoLeli,,1.0,-1.0,-1.0,-1.0,0
ecodaipalazzi,,1.0,1.0,1.0,1.0,0
mdmstesso,,1.0,0.33,0.33,0.33,0
donatellaR2,,-0.33,0.14,0.14,0.14,0
CarlaPrestigiac,-1.0,-1.0,-1.0,-1.0,-1.0,0
WH_Beveridge,,1.0,-1.0,-1.0,-1.0,0
CircoloAntudo,-0.5,-0.5,-0.5,-0.5,-0.5,0
cosimo82r,,1.0,0.0,0.0,0.0,0
fig_roma,,1.0,1.0,1.0,1.0,0
gasparripdl,,0.43,0.67,0.7,0.67,1.4999999999999958
cristalaltea,,0.67,0.25,0.25,0.25,0
RobertoFerramol,,-1.0,-0.33,-0.17,-0.33,8.0
vincengiove,-1.0,-1.0,-0.16,0.0,-0.58,28.999999999999996
AldoModica,,0.5,1.0,1.0,1.0,0
CapitoloLuciana,,0.9,0.14,-0.05,0.14,9.5
PetraccaMario,,-1.0,0.16,0.0,0.16,8.0
Alternativa_Pop,,1.0,1.0,1.0,1.0,0
antospi1973,,-1.0,0.0,0.05,0.0,2.5
MennaFini,,0.0,0.64,0.62,0.64,1.0000000000000009
sferriam,,-1.0,0.0,-0.0,0.0,0
debora_2006,-0.5,-1.0,0.0,0.0,-0.5,25.0
antonioscollo94,,0.5,0.5,0.5,0.5,0
SIndel_FN,0.88,0.88,0.88,0.88,0.88,0
Arsenio_,-1.0,-1.0,-0.5,-0.5,-0.75,12.5
SilvanaDenicolo,,0.19,0.17,0.03,0.17,7.000000000000001
RenatoLega,,-1.0,0.5,0.5,0.5,0
tatone28,-1.0,-1.0,-1.0,-1.0,-1.0,0
FrancoTrax,,-1.0,0.17,0.17,0.17,0
Fi_Pdl_Senato,,0.5,0.0,0.0,0.0,0
enzotoia,,0.25,0.0,0.0,0.0,0
forzasilvio2014,,1.0,0.0,0.18,0.0,9.0
social_5stars,0.0,0.8,0.33,0.24,0.5650000000000001,16.250000000000004
GustavoMalero,,-1.0,1.0,1.0,1.0,0
MStaderini,,-1.0,1.0,1.0,1.0,0
AleKappaS,,-1.0,0.02,0.03,0.02,0.49999999999999994
carlucci_cc,,0.0,0.0,0.03,0.0,1.5
arcocielo,,-1.0,-0.5,-0.5,-0.5,0
Tanaquilla2,,1.0,-1.0,-1.0,-1.0,0
Malintenzionat1,,-1.0,0.17,0.33,0.17,8.0
zanzotteramauro,,-1.0,-0.5,-0.5,-0.5,0
CarigliaMichele,,-1.0,0.0,0.0,0.0,0
FabioCarletti,,-1.0,-0.95,-0.99,-0.95,2.0000000000000018
GrilliniTaverna,-1.0,-1.0,0.0,0.0,-0.5,25.0
SergioLimaPA,,1.0,0.0,0.0,0.0,0
loureiro1966,-0.25,-0.5,0.0,0.0,-0.25,12.5
AlessandArico,,-1.0,-1.0,-1.0,-1.0,0
SicilyisI,1.0,1.0,1.0,1.0,1.0,0
SalvoMorabito,,1.0,1.0,1.0,1.0,0
soleterramare,-1.0,-1.0,-0.5,-0.5,-0.75,12.5
Valeri0_Valeri0,,0.0,0.04,0.0,0.04,2.0
cocchi2a,-0.33,-0.2,-0.11,-0.11,-0.155,2.25
simone0781,-1.0,-1.0,0.0,0.0,-0.5,25.0
rosa857,-1.0,0.0,0.12,-0.08,0.06,7.000000000000001
armafan,-1.0,-0.5,0.22,0.22,-0.14,18.0
MauroBenetti5,-1.0,0.45,0.02,0.0,0.23500000000000001,11.75
m5ssuper,0.0,0.0,0.17,0.17,0.085,4.25
fragola1957,,1.0,-0.17,-0.25,-0.17,3.9999999999999996
Beppesardinia,,-1.0,0.13,0.11,0.13,1.0000000000000002
cristin36558432,,0.9,-0.5,-0.48,-0.5,1.0000000000000009
mbecchi1,,1.0,-0.33,-0.33,-0.33,0
GiangioTheGlide,,-1.0,0.07,0.0,0.07,3.5000000000000004
percivalgull19,,0.93,0.02,-0.08,0.02,5.0
danielerusso92,1.0,1.0,1.0,1.0,1.0,0
LucyMilano92,,0.0,-0.2,-0.22,-0.2,0.9999999999999996
DavideSilvestr6,,-1.0,0.0,0.0,0.0,0
NormannoMessina,,1.0,1.0,1.0,1.0,0
alvarofiucci1,-0.33,-0.33,-0.01,-0.12,-0.17,2.500000000000001
AngelaAngelmi,,0.5,0.33,0.33,0.33,0
ZanellaRina,,-0.5,0.24,-0.33,0.24,28.500000000000004
simonefurlan1,0.0,0.75,0.61,0.59,0.6799999999999999,4.499999999999998
kariuki74,,-1.0,-1.0,-1.0,-1.0,0
ElisaToscano2,-1.0,-1.0,1.0,1.0,0.0,50.0
figbrindisi,,1.0,1.0,1.0,1.0,0
SonoComeSuono23,,0.25,1.0,1.0,1.0,0
TeresaVadala,0.0,0.0,0.5,0.5,0.25,12.5
miccichesud,,1.0,1.0,1.0,1.0,0
pola1945,,0.13,0.31,0.31,0.31,0
marielSiviglia,,-1.0,0.0,0.0,0.0,0
NDecristofaro,-1.0,0.63,0.12,-0.01,0.375,19.25
agoacciaio,,-1.0,0.0,0.0,0.0,0
Pholey_vn,-1.0,-0.5,0.0,0.0,-0.25,12.5
elisabettap38,-0.5,0.67,-0.0,0.04,0.335,14.750000000000002
Calderone_Dav,,0.5,0.5,0.5,0.5,0
Alcofibras77,,1.0,1.0,1.0,1.0,0
AnagniAtama,,-1.0,-1.0,-1.0,-1.0,0
palermosicambia,,0.0,0.08,0.33,0.08,12.5
Mambolas,,-1.0,-0.0,-0.0,0.0,0
il_brigante07,,-0.5,0.0,0.07,0.0,3.5000000000000004
PPicerni,,-1.0,-0.33,-0.33,-0.33,0
antoniorunci,,-1.0,0.01,0.05,0.01,2.0
lasiciliait,,1.0,1.0,1.0,1.0,0
BMascalchi,-1.0,-1.0,-0.0,-0.07,-0.5,21.5
CantiereTweet,1.0,1.0,1.0,1.0,1.0,0
AdelBScott,,-1.0,0.3,0.27,0.3,1.4999999999999987
PoliticaAdesso,,0.5,0.67,0.67,0.67,0
pierluigibertol,,-1.0,0.33,0.42,0.33,4.499999999999998
C_Morana,0.0,0.25,1.0,1.0,0.625,18.75
Rappa1958,-1.0,-1.0,1.0,0.5,0.0,25.0
ufogufo,-1.0,-1.0,-0.33,-0.33,-0.665,16.75
deboraDDI,,0.75,1.0,1.0,1.0,0
tripodimaria,,1.0,1.0,1.0,1.0,0
angieterrazzini,-1.0,-0.5,-0.5,-0.5,-0.5,0
tweetelex,-1.0,-1.0,-1.0,-1.0,-1.0,0
PravatoSilvano,,-1.0,0.0,-0.03,0.0,1.5
luisaloffredo28,,0.0,-0.0,-0.0,0.0,0
Massimo09327711,,0.0,0.06,-0.02,0.06,4.0
AntonioParisi00,-1.0,-1.0,-0.33,-0.33,-0.665,16.75
mursino71,-1.0,-1.0,0.0,0.0,-0.5,25.0
viciovin,,-1.0,-1.0,-1.0,-1.0,0
GiGiWolf119,,-1.0,0.0,0.0,0.0,0
kirumakataossi1,,0.9,0.1,0.11,0.1,0.4999999999999998
5bc32772e3fb467,,-1.0,-1.0,-1.0,-1.0,0
sipej,-1.0,-1.0,-1.0,-1.0,-1.0,0
mauriziodalpra,,-1.0,0.19,0.0,0.19,9.5
lgfmefrance,0.0,0.8,0.83,0.85,0.815,1.7500000000000016
claudia57510959,,-1.0,0.25,0.25,0.25,0
FNCatania,1.0,1.0,1.0,1.0,1.0,0
RenzoSpada1,,1.0,0.14,0.14,0.14,0
EQuarta93,-1.0,-1.0,-1.0,-1.0,-1.0,0
BabbaiFabry,-1.0,-0.25,0.08,-0.11,-0.08499999999999999,1.2500000000000004
SaverioRomano,1.0,1.0,1.0,1.0,1.0,0
marinellafly12,-1.0,-0.09,0.0,0.03,-0.045,3.75
raffo1900,-1.0,0.0,-0.06,-0.06,-0.03,1.5
RobyvrRoberto,-1.0,-1.0,0.0,0.0,-0.5,25.0
ste_FUN_otis,,1.0,1.0,1.0,1.0,0
notiziebuone,,-1.0,-1.0,-1.0,-1.0,0
Fabrizio_Micari,-1.0,-0.5,-0.33,-0.33,-0.41500000000000004,4.250000000000001
LorettaLupo78,,-1.0,-1.0,-0.95,-1.0,2.500000000000002
fausto_cag,,-1.0,1.0,1.0,1.0,0
micheledannibal,,-1.0,0.33,0.33,0.33,0
AnnaxNar,,-1.0,0.02,-0.02,0.02,2.0
Stefano02395205,-1.0,-1.0,-1.0,-1.0,-1.0,0
gregbucc,-1.0,-0.5,-0.33,-0.33,-0.41500000000000004,4.250000000000001
ManuPalo67,,0.9,-0.03,-0.01,-0.03,0.9999999999999999
PatMorris1978,,1.0,-0.25,-0.25,-0.25,0
formichenews,-1.0,1.0,1.0,1.0,1.0,0
Justoverthesky,,-1.0,-1.0,-1.0,-1.0,0
ugocappellacci,,0.86,0.75,0.75,0.75,0
AntonioABarcaro,,-1.0,0.06,0.03,0.06,1.5
robertolotito,,-1.0,0.09,-0.14,0.09,11.5
incaxxatonero,1.0,0.15,-0.27,-0.19,-0.06000000000000001,6.5
NsSalerno,,1.0,1.0,1.0,1.0,0
PaoloBaldo3,,-1.0,0.24,0.0,0.24,12.0
siciliasveglia,1.0,1.0,1.0,1.0,1.0,0
mcaratozzolo58,,-1.0,1.0,1.0,1.0,0
sevenseasmarina,,0.5,0.42,0.5,0.42,4.000000000000001
bragagnimaurizi,,-1.0,1.0,1.0,1.0,0
l_patrizia,,-1.0,1.0,1.0,1.0,0
tuscolo,,0.08,0.6,-0.01,0.6,30.5
anodo59,,-1.0,0.02,-0.01,0.02,1.5
CEroscincidda,,0.99,-0.24,-0.25,-0.24,0.5000000000000004
MimmoDagna,0.5,1.0,1.0,1.0,1.0,0
AnnaTavano,,-1.0,0.33,0.33,0.33,0
CarmelaEmma,-1.0,-0.03,-0.07,-0.01,-0.05,2.0
Orzo83,,1.0,-0.0,-0.11,0.0,5.5
alegio957,,-1.0,-0.25,-0.25,-0.25,0
Gianchi60,,0.0,0.33,0.33,0.33,0
Choroukenzo,,-1.0,-1.0,-1.0,-1.0,0
antonioguido58,,0.46,0.0,0.0,0.0,0
Steno5Stelle,,-1.0,-0.02,-0.17,-0.02,7.500000000000001
ElidaCrosara,,-1.0,-1.0,-1.0,-1.0,0
julesbeton,0.0,-1.0,0.0,-1.0,-0.5,25.0
VivMilano,-1.0,0.0,0.0,0.0,0.0,0
AldoStelluti,,0.86,0.33,0.33,0.33,0
MaxB70,,1.0,1.0,1.0,1.0,0
TziSho,,-1.0,0.0,0.01,0.0,0.5
PaoloX68,0.0,-0.5,-0.43,-0.42,-0.46499999999999997,2.249999999999999
stagliacollo,-0.5,-0.33,0.0,0.0,-0.165,8.25
angelofullone1,1.0,1.0,1.0,1.0,1.0,0
salvofavara,-1.0,-1.0,-1.0,-1.0,-1.0,0
PierRio31,,-1.0,-0.99,-1.0,-0.99,0.5000000000000004
Dottor_Strange,,-1.0,-0.5,-0.5,-0.5,0
paoloferrarelli,,-1.0,0.0,0.0,0.0,0
mariobortoluss1,-0.5,0.5,0.02,0.02,0.26,12.000000000000002
ItaliaRecord,-1.0,-1.0,0.13,0.17,-0.435,30.25
AgostinoTuzzoli,,0.67,0.03,0.0,0.03,1.5
carlovaldiserra,,1.0,0.19,0.59,0.19,20.0
demmy747,,-0.33,-0.03,-0.18,-0.03,7.5
francescade54,-1.0,0.18,0.0,0.02,0.09,3.4999999999999996
avvarminio,,1.0,1.0,1.0,1.0,0
Maurizio101112,,-1.0,0.91,0.9,0.91,0.5000000000000004
TraniCamilla,,-1.0,1.0,1.0,1.0,0
francescomila18,,-1.0,0.0,0.0,0.0,0
roberto23159,,-1.0,0.0,0.0,0.0,0
luca113_luca,-1.0,-1.0,-0.21,-0.21,-0.605,19.75
deboramau,,-0.06,0.11,0.14,0.11,1.5000000000000007
gioatriz,-1.0,0.33,0.2,0.12,0.265,7.250000000000001
FGengarelli,,-1.0,-1.0,-1.0,-1.0,0
MattiaIervella,,-1.0,0.5,0.5,0.5,0
ValePisinoe,-1.0,-1.0,0.0,0.0,-0.5,25.0
Goldstein5s,,-1.0,0.04,0.0,0.04,2.0
Giancarlo_long,,0.97,-0.17,-0.08,-0.17,4.500000000000001
marioschena7,,1.0,1.0,1.0,1.0,0
adorno75911306,,-1.0,0.0,0.02,0.0,1.0
MTalevi,-0.5,-0.5,0.25,0.75,-0.125,43.75
carlodp47864,-1.0,0.47,0.25,0.23,0.36,6.499999999999999
VentagliP,-1.0,-1.0,-1.0,-1.0,-1.0,0
Rebelli0n2k,-0.57,0.25,-0.02,0.06,0.115,2.7500000000000004
SicilianiLiberi,-0.25,-0.75,-0.6,-0.6,-0.675,3.7500000000000036
Master2001_3,,-1.0,-0.14,-0.14,-0.14,0
akrensis,,1.0,-1.0,-1.0,-1.0,0
FabioTechboy35,,-1.0,-0.5,-0.5,-0.5,0
MaellareAndrea,,1.0,1.0,1.0,1.0,0
francescopicara,,1.0,0.0,0.0,0.0,0
F_DUva,,-1.0,-1.0,-1.0,-1.0,0
_Barfolomew_,,0.98,0.5,0.42,0.5,4.000000000000001
EnricoAncillott,-1.0,-1.0,-1.0,-1.0,-1.0,0
ProprisCarlo,,0.25,-0.03,-0.02,-0.03,0.49999999999999994
PaxetBonumLux,,1.0,0.42,0.42,0.42,0
CattoAngelo,,-1.0,-1.0,-1.0,-1.0,0
Amedeo111960,-0.5,-0.33,-0.19,-0.2,-0.26,3.0
FrancescoGent16,-1.0,-0.5,-0.25,-0.25,-0.375,6.25
RenatoSchifani,,1.0,-1.0,-1.0,-1.0,0
enemaffa1,-1.0,-0.5,-0.5,-0.5,-0.5,0
BracaliM,,-1.0,-1.0,-1.0,-1.0,0
MammaNunmat64,-1.0,-1.0,-0.5,-0.5,-0.75,12.5
UdcIta,,-1.0,1.0,1.0,1.0,0
FPuggini,-1.0,-0.67,-0.1,-0.18,-0.385,10.25
gdt62,,-1.0,-1.0,-1.0,-1.0,0
Christian26122,-1.0,-1.0,-1.0,-1.0,-1.0,0
nessunoindietro,-1.0,0.2,-0.07,0.01,0.065,2.75
marcodilecce,,-1.0,1.0,-0.05,1.0,52.5
G_Castiglione,,1.0,1.0,1.0,1.0,0
LelloEsposito5,-1.0,-0.5,-0.49,-0.49,-0.495,0.2500000000000002
AusiliaCapell,-0.33,-0.2,0.18,0.18,-0.010000000000000009,9.5
grimaudogiusepp,-1.0,-1.0,-0.5,-0.33,-0.75,21.0
MichelePivetti,,1.0,-1.0,-1.0,-1.0,0
LukeYellow46,,-0.25,-0.07,0.09,-0.07,8.0
carmencasablanc,,-1.0,-0.02,-0.01,-0.02,0.5
robertolagalla,,1.0,1.0,1.0,1.0,0
beppem54,,-1.0,0.33,0.0,0.33,16.5
PR0_TESTA,,0.99,-0.02,0.0,-0.02,1.0
ilGrillodiPA,-1.0,-1.0,-0.95,-1.0,-0.975,1.250000000000001
grasso_sonia,,1.0,1.0,1.0,1.0,0
marionecomix,-1.0,-1.0,-1.0,-1.0,-1.0,0
paolonot,,1.0,1.0,1.0,1.0,0
GsSeidita,,-0.67,-0.17,0.0,-0.17,8.5
gdivella,,-1.0,-1.0,-1.0,-1.0,0
VIOLAMARTELLA46,,-1.0,0.0,0.0,0.0,0
Marcell01010589,-1.0,-1.0,-1.0,-1.0,-1.0,0
Gamberassimo,,-1.0,-0.05,-0.05,-0.05,0
enricolanza,,-1.0,1.0,1.0,1.0,0
winter758,,0.5,1.0,1.0,1.0,0
CrisGnesutta,,1.0,0.25,0.25,0.25,0
crespil72,,-1.0,1.0,1.0,1.0,0
patriziarutigl1,,-1.0,-0.67,-0.63,-0.67,2.0000000000000018
GCagnino,,-0.5,0.08,0.05,0.08,1.5
emanuelapatti,,-1.0,1.0,1.0,1.0,0
alfio31254,1.0,1.0,1.0,1.0,1.0,0
Raky70676024,,-1.0,-1.0,-1.0,-1.0,0
l_direnzo,,0.93,0.67,0.75,0.67,3.9999999999999982
AntoMorly,-1.0,-1.0,-1.0,-1.0,-1.0,0
Michele_Arnese,,1.0,1.0,1.0,1.0,0
ddonnatelli,,-1.0,0.32,0.28,0.32,1.9999999999999991
Massimo27355129,-1.0,-0.2,-0.19,-0.4,-0.195,10.25
Venticello_,,-1.0,-0.01,-0.01,-0.01,0
ERTIGRE2,,0.8,0.21,0.21,0.21,0
mo_sorte,,-1.0,-1.0,-1.0,-1.0,0
COLLATERAL13,,-1.0,1.0,1.0,1.0,0
claudioporcu73,-1.0,-0.14,-0.06,-0.31,-0.1,10.5
gurulku,,-1.0,0.5,0.5,0.5,0
mimiartino,-1.0,-1.0,-1.0,-1.0,-1.0,0
GruppoFICamera,,1.0,0.29,0.29,0.29,0
Camillo_LuzziC,,1.0,1.0,1.0,1.0,0
GianniDiMalta,,0.5,0.67,0.67,0.67,0
marino29b,-0.29,-0.05,-0.01,-0.0,-0.030000000000000002,1.5000000000000002
IsabellaRauti,,1.0,0.94,0.94,0.94,0
Valnao,,1.0,0.0,0.09,0.0,4.5
robby671,-1.0,-1.0,-1.0,-1.0,-1.0,0
vincemari2,-1.0,0.17,0.07,0.0,0.12000000000000001,6.000000000000001
bastaCasta,,-1.0,0.2,0.2,0.2,0
marisafebbraro,,-1.0,0.08,-0.01,0.08,4.5
CloBonfardino,1.0,1.0,1.0,1.0,1.0,0
Toto_Cordaro,1.0,1.0,1.0,1.0,1.0,0
Il_Reissimo_,-1.0,-1.0,-1.0,-1.0,-1.0,0
gennasco,,1.0,1.0,1.0,1.0,0
fernandella25,,0.3,0.15,0.15,0.15,0
ElIndoChaparral,-1.0,-1.0,-1.0,-1.0,-1.0,0
OttoIso,,-1.0,-0.5,-0.5,-0.5,0
000120o,,1.0,0.0,0.0,0.0,0
repubblica,-1.0,-1.0,1.0,1.0,0.0,50.0
GiorgioInfranca,,0.75,1.0,1.0,1.0,0
AlemannoTW,,1.0,0.5,0.5,0.5,0
CLAUDIACOLOMB12,,0.13,0.17,0.43,0.17,13.0
Stefbazzi,,-1.0,0.0,0.0,0.0,0
claudiovr1,,-0.33,0.0,-0.05,0.0,2.5
M5S_S_Val_Torio,,0.38,0.33,0.33,0.33,0
mariaederaM5S,,-1.0,-1.0,-1.0,-1.0,0
vam237,,-1.0,-0.47,-0.5,-0.47,1.5000000000000013
LauraCarrese,,0.43,0.42,0.09,0.42,16.499999999999996
boettoisabella1,-1.0,-1.0,0.33,0.33,-0.33499999999999996,33.25
Gfrabus,,-1.0,0.0,0.0,0.0,0
grecale66,,-1.0,-0.5,-0.5,-0.5,0
Asiablog_it,1.0,1.0,1.0,1.0,1.0,0
sabina_bonelli,,1.0,1.0,1.0,1.0,0
VaniaCecconi,0.0,0.8,0.92,0.85,0.8600000000000001,0.500000000000006
KatiaGiordano69,,0.0,0.0,0.0,0.0,0
Loredan2706,,0.93,-0.0,0.03,0.0,1.5
pantanac,0.0,0.0,-0.06,-0.12,-0.03,4.5
rita59aspra,,-1.0,-0.11,-0.08,-0.11,1.5
antonio6349,0.0,0.44,0.1,0.11,0.27,8.000000000000002
InnovateEurope,,0.5,0.33,0.33,0.33,0
SalvoCicu,,0.0,0.0,0.0,0.0,0
Ale_Nobile,-0.75,-0.6,-0.6,-0.2,-0.6,20.0
romainbgb,,1.0,1.0,1.0,1.0,0
tarabbo,-1.0,-1.0,-1.0,-1.0,-1.0,0
AvvMdiBari,,-1.0,1.0,1.0,1.0,0
ra_rfigliola19,,0.5,1.0,1.0,1.0,0
RettaroliS,,-0.5,-0.22,-0.22,-0.22,0
Virus1979C,,-0.5,-0.03,-0.04,-0.03,0.5000000000000001
zikiluna,,-1.0,0.17,0.08,0.17,4.500000000000001
remofer,,-1.0,-1.0,-1.0,-1.0,0
RPRESTIPINO,-1.0,-0.25,-0.0,-0.01,-0.125,5.75
fiordisale,,-1.0,0.33,0.33,0.33,0
TgLa7,-1.0,-1.0,-1.0,-1.0,-1.0,0
GenoLillo,-0.5,-0.5,-0.5,-0.5,-0.5,0
2elly1,,0.0,-0.11,-0.11,-0.11,0
ecortomaltese,,0.35,-0.02,-0.0,-0.02,1.0
sarasarli,,0.35,-0.03,-0.2,-0.03,8.5
cicciobronx77,,0.0,0.01,-0.05,0.01,3.0000000000000004
Massimo_Terenzi,,-1.0,0.0,0.0,0.0,0
marturano51sm,,-1.0,0.5,0.5,0.5,0
MarrostafX,,0.9,0.46,0.42,0.46,2.0000000000000018
alessiobalbi,-1.0,-1.0,0.5,0.5,-0.25,37.5
giudy51,-0.33,0.0,0.0,-0.01,0.0,0.5
CelliLuana,-1.0,-1.0,-1.0,-1.0,-1.0,0
acqu_marina,-1.0,-1.0,0.0,0.0,-0.5,25.0
celestinoceles7,-1.0,-0.25,0.0,0.02,-0.125,7.249999999999999
djnembo,,0.67,0.0,-0.01,0.0,0.5
beppevicari,1.0,1.0,1.0,1.0,1.0,0
fabiocarusoCT,,-1.0,-0.5,-0.5,-0.5,0
FlavioDalBen,,0.75,-0.0,0.08,0.0,4.0
gianlucalibrale,-1.0,-1.0,-1.0,-1.0,-1.0,0
MichelePlatoni,,-0.17,-0.05,-0.04,-0.05,0.5000000000000001
GualcoGabriella,-1.0,-0.5,0.0,0.0,-0.25,12.5
GhitaIacono,,-1.0,-0.33,-0.33,-0.33,0
mafaldina61,-0.5,0.0,-0.03,-0.06,-0.015,2.25
CEustacchi,-1.0,-1.0,-1.0,-1.0,-1.0,0
Libellula51,,0.0,-0.02,0.04,-0.02,3.0
TreyFreedom,,-1.0,-1.0,-1.0,-1.0,0
merimascherpa,-1.0,0.43,-0.04,-0.04,0.195,11.75
LirioAbbate,,-1.0,1.0,1.0,1.0,0
paolotarabella,,0.25,1.0,1.0,1.0,0
TSemplicini,-0.5,-0.5,0.5,0.5,0.0,25.0
AMTomarchio,-0.5,0.0,0.13,-0.01,0.065,3.75
imbizzarrito,-1.0,-1.0,-1.0,-1.0,-1.0,0
Cosi49Cosimo,-0.5,-0.33,0.02,0.01,-0.155,8.25
Danae0308,,0.87,-0.18,0.03,-0.18,10.5
Rossell77390510,,0.25,1.0,1.0,1.0,0
mauriziosantin,-1.0,-1.0,-1.0,-1.0,-1.0,0
LaraPolidori,0.0,0.13,0.5,0.5,0.315,9.25
jjmdq214,,0.9,-0.04,0.02,-0.04,3.0
VaiVieni,-1.0,-1.0,0.42,0.0,-0.29000000000000004,14.500000000000002
HerrProof,-0.5,-1.0,-0.14,0.01,-0.5700000000000001,29.000000000000004
AngeloRughetti,-1.0,-1.0,-1.0,-1.0,-1.0,0
Lcungi,-1.0,-1.0,-0.25,-0.25,-0.625,18.75
castell32082033,-1.0,-1.0,0.0,0.0,-0.5,25.0
__Zorro___,,-1.0,-0.2,-0.2,-0.2,0
micheladania,-1.0,-1.0,-0.4,-0.01,-0.7,34.5
M5SCampaniaNews,,-1.0,-0.5,-0.5,-0.5,0
f_filauri,,0.25,1.0,1.0,1.0,0
GiuseppeSivigl1,,1.0,1.0,1.0,1.0,0
SuperVallish,,-1.0,-1.0,-1.0,-1.0,0
francescodefeo0,,-1.0,-1.0,-1.0,-1.0,0
gioporce,,-1.0,0.0,0.0,0.0,0
Alessia11307,,-1.0,-1.0,-0.45,-1.0,27.500000000000004
BonuccelliRic,,-1.0,0.5,0.5,0.5,0
summo_t,0.0,0.25,0.33,0.33,0.29000000000000004,1.9999999999999991
MPenikas,,-0.5,-0.21,-0.21,-0.21,0
gloriadonati17,-1.0,-1.0,-0.25,-0.25,-0.625,18.75
gentili_simone,0.0,0.75,1.0,1.0,0.875,6.25
ValerioAvanti,1.0,1.0,1.0,1.0,1.0,0
heel_Fabri,,-1.0,0.83,0.67,0.83,7.9999999999999964
achillepatti,,0.25,1.0,1.0,1.0,0
valmatteucci,,-1.0,-0.5,-0.5,-0.5,0
matteoc1951,-1.0,0.98,0.01,0.06,0.495,21.75
irismoretti,,-1.0,1.0,1.0,1.0,0
marcopietro49,,-1.0,-1.0,-1.0,-1.0,0
margheritini,-1.0,-0.14,-0.09,-0.11,-0.115,0.2500000000000002
M5S_No_Grazie,,-1.0,0.0,0.0,0.0,0
licia__,,0.5,0.0,0.33,0.0,16.5
rossellavilardi,-1.0,-1.0,0.0,-0.0,-0.5,25.0
framasashige,,-1.0,-0.33,-0.17,-0.33,8.0
Grace_1207,-1.0,-1.0,0.0,0.0,-0.5,25.0
n_kraljevic,,1.0,1.0,1.0,1.0,0
gabrybla,,-1.0,-1.0,-1.0,-1.0,0
PpCassoni,,0.86,0.5,0.5,0.5,0
IlCaroLeader,0.0,0.96,0.42,0.42,0.69,13.499999999999998
Tecnoetica,,-1.0,0.0,0.0,0.0,0
GiuseppeDx,-1.0,-0.33,-0.22,-0.04,-0.275,11.75
angelo_appoloni,,0.23,0.1,0.21,0.1,5.499999999999999
Rox20879621,,-1.0,-0.01,-0.33,-0.01,16.0
22berry22,,1.0,1.0,1.0,1.0,0
TizianaDemma,,1.0,0.25,0.25,0.25,0
Janphranko,-1.0,-1.0,-1.0,-1.0,-1.0,0
primaopoitorna,-1.0,-1.0,0.15,0.0,-0.425,21.25
marcellodanna71,,1.0,1.0,1.0,1.0,0
Andyesti,,-1.0,1.0,1.0,1.0,0
fep75,,0.38,0.02,-0.25,0.02,13.5
giovannibardett,,-1.0,1.0,1.0,1.0,0
QuintoValter,-1.0,-1.0,-0.5,-0.5,-0.75,12.5
morimarcello1,,-1.0,-1.0,-1.0,-1.0,0
triolo_antonio,,1.0,0.5,0.5,0.5,0
filotesa,,-1.0,0.13,0.0,0.13,6.5
ErminioZarcone,0.0,0.75,1.0,1.0,0.875,6.25
EXnotiziedalM5S,-1.0,-1.0,-0.5,0.0,-0.75,37.5
Daniele75144186,,0.25,0.5,0.5,0.5,0
Valter14032653,1.0,1.0,1.0,1.0,1.0,0
Helene_FI,-1.0,-1.0,1.0,1.0,0.0,50.0
IdeaSicilia,,1.0,1.0,1.0,1.0,0
sebastianoragu1,,-1.0,-1.0,-1.0,-1.0,0
HbXNyNyaUDJM3uE,-1.0,-1.0,-1.0,-1.0,-1.0,0
albabellofiore,,1.0,1.0,1.0,1.0,0
avvocato2punto0,,-1.0,0.25,0.25,0.25,0
dvcaradonna,0.0,0.8,0.21,0.21,0.505,14.750000000000002
RaffaelePizzati,,0.5,0.0,0.0,0.0,0
luigibagnato,-1.0,-1.0,0.0,0.0,-0.5,25.0
mixc7,-1.0,-1.0,0.0,0.02,-0.5,26.0
City_life69,,0.75,0.0,0.07,0.0,3.5000000000000004
danielamazza2,,1.0,1.0,1.0,1.0,0
CentristixilSi,-1.0,-1.0,-1.0,-1.0,-1.0,0
paoladelusa,1.0,1.0,0.33,0.67,0.665,0.2500000000000002
PicchixFirenze,,1.0,0.2,0.33,0.2,6.5
giuno73,-1.0,-0.5,-0.08,0.0,-0.29,14.499999999999998
MovPopulistaIta,-1.0,-0.29,-0.01,-0.02,-0.15,6.5
gjscco,-0.5,0.1,-0.1,0.01,0.0,0.5
ivo0611,-1.0,-1.0,-1.0,-1.0,-1.0,0
RemolinoGae,,0.5,0.17,0.17,0.17,0
piani_a,-1.0,0.0,-0.07,0.01,-0.035,2.2500000000000004
cadoniantonella,,-1.0,-0.33,-0.18,-0.33,7.500000000000001
stefanscauzilli,,-1.0,-0.11,0.02,-0.11,6.5
vincenrea,,-1.0,0.42,0.25,0.42,8.5
GiordanoBattini,,-1.0,0.0,0.0,0.0,0
ANDREAZANETTIN,-0.5,0.0,0.03,0.04,0.015,1.25
chryduca,,-1.0,-1.0,-1.0,-1.0,0
mgcarbotti,,-1.0,-1.0,-1.0,-1.0,0
fedeli_paolo,,-1.0,0.33,0.67,0.33,17.0
giovannialessa9,,-0.33,-0.09,0.08,-0.09,8.5
fabioitasic,,0.13,0.5,0.5,0.5,0
IacobellisT,,0.0,1.0,1.0,1.0,0
chiesa_stefano,,0.67,0.83,0.83,0.83,0
alespata488,,-1.0,0.2,0.0,0.2,10.0
lucillalucio7,-1.0,-1.0,-0.33,-0.38,-0.665,14.250000000000002
RidolfiSabrina,,0.4,0.31,0.28,0.31,1.4999999999999987
VeraDestrasocia,-1.0,-1.0,1.0,1.0,0.0,50.0
Marcello_1979,,1.0,0.33,0.25,0.33,4.000000000000001
enzo958,,-1.0,-1.0,-1.0,-1.0,0
ilGazSicilia,,1.0,1.0,1.0,1.0,0
gpellarin84,-1.0,-1.0,0.0,0.0,-0.5,25.0
CurzioMontanari,,-1.0,0.0,0.0,0.0,0
jolandaire,,0.21,0.0,0.0,0.0,0
flexability68,,-1.0,-0.02,-0.05,-0.02,1.5000000000000002
CLiNtAnOnYmOuS,,-1.0,0.15,0.11,0.15,1.9999999999999998
salvatoremero12,,-0.5,0.0,0.0,0.0,0
Gabriel97548694,1.0,1.0,0.33,0.33,0.665,16.75
loreombra,,-1.0,-1.0,-0.99,-1.0,0.5000000000000004
GhiribelliIvana,0.0,0.0,0.75,0.67,0.375,14.750000000000002
peppegiustolisi,1.0,-1.0,-1.0,-1.0,-1.0,0
FiG_Umbria,,1.0,1.0,1.0,1.0,0
Mafaldita62,,1.0,0.5,0.5,0.5,0
Andrea_Alemanni,-1.0,-1.0,-1.0,-1.0,-1.0,0
piras2017,,-1.0,0.42,0.42,0.42,0
VittorioSgarbi,-1.0,-0.75,0.6,0.2,-0.07500000000000001,13.750000000000002
SetDamper,,0.0,0.14,0.15,0.14,0.49999999999999906
futura09,-0.5,-0.33,-0.05,0.0,-0.19,9.5
PaceTotopace,,0.5,1.0,1.0,1.0,0
bellettifilippo,0.0,0.25,1.0,1.0,0.625,18.75
riccardovincen3,-1.0,-1.0,0.0,0.0,-0.5,25.0
vic24g,0.0,0.4,0.05,0.1,0.225,6.25
newsincloud,-1.0,-1.0,-1.0,-1.0,-1.0,0
XMERIDIO78,-1.0,0.0,-0.08,-0.1,-0.04,3.0000000000000004
G_bonincontro,-1.0,-1.0,1.0,1.0,0.0,50.0
CristianoPuglis,,1.0,1.0,1.0,1.0,0
MichelaGenoves3,,-1.0,0.33,0.42,0.33,4.499999999999998
gianluca1960cim,-1.0,-1.0,-0.05,-0.05,-0.525,23.75
mottagiuseppe1,-1.0,0.0,-0.11,-0.0,-0.055,2.75
gaearmao,,1.0,0.33,0.33,0.33,0
bubbasaur,-1.0,-1.0,-1.0,-1.0,-1.0,0
idrossido,,-1.0,1.0,1.0,1.0,0
Leccezionale,,-1.0,0.04,0.04,0.04,0
ilcorvo20,,1.0,1.0,1.0,1.0,0
ClaudioAgos,,-1.0,0.0,0.0,0.0,0
avimmaisacap,,-1.0,-0.49,-0.49,-0.49,0
JohnHard3,-0.5,0.35,0.0,0.13,0.175,2.249999999999999
1N0MONACI,-0.5,-1.0,0.0,0.0,-0.5,25.0
dukana2,-1.0,-0.5,0.06,-0.0,-0.22,11.0
L_Cesa,,-1.0,1.0,1.0,1.0,0
Blinky74,,1.0,-0.5,-0.5,-0.5,0
FrankieCS76,,0.88,0.42,0.46,0.42,2.0000000000000018
Alicedartagnan,-1.0,-0.5,-0.17,-0.16,-0.335,8.75
doloresebasta,,-0.17,0.01,-0.11,0.01,6.0
Agenzia_Ansa,,-1.0,1.0,1.0,1.0,0
70_avelino,,-1.0,0.0,0.0,0.0,0
Drusylla_75,-1.0,-1.0,-0.95,-1.0,-0.975,1.250000000000001
ribelle51,,-1.0,0.0,-0.02,0.0,1.0
Storace,,1.0,0.75,0.56,0.75,9.499999999999996
AmicucciClaudia,,-1.0,-0.95,-0.95,-0.95,0
fedquattrocchi,,1.0,0.5,0.49,0.5,0.5000000000000004
BrigantSeMore,,-1.0,1.0,1.0,1.0,0
Paola99690497,,-1.0,0.83,0.83,0.83,0
fiammyna,,-1.0,1.0,1.0,1.0,0
catarvoyageur,,-0.25,-0.38,-0.0,-0.38,19.0
FrancescoBongi4,-1.0,-1.0,-1.0,-1.0,-1.0,0
giovanni_ebasta,,-1.0,-0.5,-0.5,-0.5,0
seiosenoi,-1.0,-1.0,-1.0,-1.0,-1.0,0
FabioClerici,,0.47,0.0,0.23,0.0,11.5
clapas66,,-1.0,-1.0,-1.0,-1.0,0
MarcoTastardi,,-1.0,1.0,1.0,1.0,0
liviofiorillo,-1.0,-1.0,-0.33,-0.33,-0.665,16.75
ItalianPolitics,,1.0,1.0,1.0,1.0,0
CafeoGiovanni,,1.0,1.0,1.0,1.0,0
ANDRELONI,0.0,0.13,0.83,0.17,0.48,15.499999999999996
marisa_salatin,,-1.0,-1.0,-1.0,-1.0,0
glopizzo,-1.0,0.25,0.25,0.33,0.25,4.000000000000001
evyliu79,,0.45,0.25,-0.25,0.25,25.0
DavideCelli1,,-1.0,1.0,1.0,1.0,0
IVANCONF,-1.0,-0.5,-0.17,-0.17,-0.335,8.25
linuxian_5s,,-1.0,-0.5,-0.5,-0.5,0
demian_yexil,,0.08,-0.05,-0.01,-0.05,2.0
punto_effe,,-1.0,-0.24,0.02,-0.24,13.0
lapennanicola65,-1.0,-0.5,-0.49,-0.5,-0.495,0.2500000000000002
AlvisiConci,,1.0,0.0,0.0,0.0,0
gtabakko,,0.75,1.0,1.0,1.0,0
RitaccoAlessan1,,1.0,0.5,0.5,0.5,0
malafemmina54,,-1.0,0.0,0.0,0.0,0
LiuzzoMichele79,,1.0,1.0,1.0,1.0,0
MirkoZucca,,0.9,0.21,0.23,0.21,1.0000000000000009
emanueleo73,,1.0,0.98,0.96,0.98,1.0000000000000009
Gb13Giovanna,,-0.5,-0.02,-0.02,-0.02,0
incazzatissimo1,,-1.0,-0.06,0.06,-0.06,6.0
uzupetru,-1.0,-1.0,-1.0,-1.0,-1.0,0
atestaltasempre,-1.0,-0.5,0.0,0.0,-0.25,12.5
satireggiando,-1.0,-1.0,0.27,0.25,-0.365,30.75
FIG_Marche,,1.0,1.0,1.0,1.0,0
planetpaul65,,-1.0,-0.5,-0.5,-0.5,0
tirasianicris,,-1.0,0.32,0.22,0.32,5.0
francescorussot,,-1.0,0.0,0.1,0.0,5.0
SocciarelloCarl,,-1.0,0.5,0.5,0.5,0
CommentoRimosso,-1.0,-0.33,0.08,0.0,-0.125,6.25
LucaPagnotta,,0.5,0.02,-0.01,0.02,1.5
Musumeci_Staff,,-0.5,0.33,0.33,0.33,0
Vignax41,,0.93,-0.01,0.01,-0.01,1.0
regis_andrea,,0.97,0.25,0.0,0.25,12.5
_Forza_Italia_,1.0,0.0,0.54,0.05,0.27,11.000000000000002
NadiaCedrone,,-1.0,0.49,0.33,0.49,7.999999999999999
EnrichettaNegri,,0.9,-0.08,-0.08,-0.08,0
366daniele,-1.0,-1.0,-0.2,0.06,-0.6,32.99999999999999
danimona24,,0.46,0.0,0.04,0.0,2.0
brunopistolese,,-1.0,-1.0,-1.0,-1.0,0
AlbaRuggi,,-1.0,-1.0,-1.0,-1.0,0
CarloUlivi,,-0.5,-0.5,-0.47,-0.5,1.5000000000000013
La7tv,,-1.0,1.0,1.0,1.0,0
serenatudisco,,0.25,0.33,0.33,0.33,0
MNS_nazionale,,1.0,1.0,1.0,1.0,0
Michela18178123,,0.5,1.0,1.0,1.0,0
olindasilvagni,,0.3,-0.33,0.03,-0.33,18.0
trsdrn,,0.9,-0.29,-0.29,-0.29,0
FrancescoLafra,-1.0,0.0,0.0,0.0,0.0,0
persiana8,0.0,0.48,0.0,0.0,0.24,12.0
luigideluca_vf,,1.0,0.5,0.5,0.5,0
franic_twi,,-1.0,0.83,0.97,0.83,7.000000000000001
cesarebrogi1,,-1.0,0.0,0.0,0.0,0
ideefuse,,-1.0,1.0,1.0,1.0,0
bybica1,,0.8,1.0,1.0,1.0,0
GBonConti,1.0,1.0,1.0,1.0,1.0,0
LuigiPiccarozzi,,-1.0,0.62,0.6,0.62,1.0000000000000009
malaramiki,0.0,0.25,1.0,1.0,0.625,18.75
GiovanniMario12,,-1.0,1.0,1.0,1.0,0
InfolabLeone,-1.0,-1.0,0.83,0.83,-0.08500000000000002,45.75
ggv84,-1.0,-1.0,0.0,0.0,-0.5,25.0
Praguebynight79,,-1.0,-1.0,-1.0,-1.0,0
matterice,,-1.0,0.5,0.5,0.5,0
mastrociclista,,-1.0,0.28,0.31,0.28,1.4999999999999987
vitaguccione,-0.67,-0.25,-0.5,-0.25,-0.375,6.25
leonardicarmen,,-1.0,-0.33,-0.33,-0.33,0
Giamaria14,-0.5,-0.5,0.25,0.25,-0.125,18.75
GiorgioAntonel1,,0.0,0.0,0.0,0.0,0
tobiamc,-1.0,-1.0,0.0,0.0,-0.5,25.0
FIGLazio,,1.0,1.0,1.0,1.0,0
FI_Giovani,,1.0,1.0,1.0,1.0,0
lievemente,,-1.0,0.05,0.04,0.05,0.5000000000000001
andrea_gazza,,-1.0,-0.2,-0.19,-0.2,0.5000000000000004
BardelliSimone,,-1.0,0.02,0.02,0.02,0
daniela_civello,,0.75,1.0,1.0,1.0,0
giorgiogaias92,,0.5,0.07,0.07,0.07,0
sadape54,-1.0,-0.5,0.12,0.12,-0.19,15.5
SteVeeSv,,0.9,0.46,0.42,0.46,2.0000000000000018
FIG_SBT,,1.0,1.0,1.0,1.0,0
ginocalcinotto,,-0.25,0.06,-0.0,0.06,3.0
xbici,,-1.0,-0.2,-0.25,-0.2,2.4999999999999996
ClaudioTocco87,,-1.0,1.0,1.0,1.0,0
libellula58,,-1.0,0.5,0.5,0.5,0
lindaeciao,,-1.0,0.15,0.15,0.15,0
siculindignati,1.0,1.0,1.0,1.0,1.0,0
marcodelucact60,,0.0,0.13,0.16,0.13,1.5
tribupress,-1.0,-1.0,-1.0,-1.0,-1.0,0
Strapierre,,1.0,0.33,0.5,0.33,8.5
contigiu,,-1.0,-0.33,-0.33,-0.33,0
bennuccia76,,-1.0,-1.0,-1.0,-1.0,0
Subclivium,0.0,0.08,0.01,0.01,0.045,1.7499999999999998
Daviderel4,-1.0,-1.0,0.0,0.0,-0.5,25.0
MrRIP,,-1.0,0.0,0.0,0.0,0
FIGSicilia,,1.0,1.0,1.0,1.0,0
amvecchietti,,0.0,0.0,0.0,0.0,0
ChiodiDonatella,,1.0,1.0,0.33,1.0,33.5
pa__rm,,-1.0,-0.4,-0.4,-0.4,0
klosed22,,0.97,0.03,0.04,0.03,0.5000000000000001
BerlusconiPres,,1.0,0.41,0.41,0.41,0
vasco97273,-1.0,-0.5,0.0,0.0,-0.25,12.5
5stelletv,,-1.0,0.38,0.38,0.38,0
lillyhami,-1.0,-1.0,0.8,0.75,-0.09999999999999998,42.5
leone150872,-1.0,0.45,0.17,0.15,0.31,8.0
BastianCuntraiu,,-0.5,-0.25,-0.2,-0.25,2.4999999999999996
ski12665,,-1.0,0.22,0.03,0.22,9.5
oscar_rafone3,,-1.0,-0.2,-0.2,-0.2,0
annapolitova66,-1.0,-1.0,0.5,0.5,-0.25,37.5
avanti_xxx,-1.0,-1.0,-1.0,-1.0,-1.0,0
rudy_mariani,,0.9,0.5,0.46,0.5,1.9999999999999991
fpcatania1,-1.0,-0.5,0.0,0.0,-0.25,12.5
g_ignazia,,-1.0,0.04,0.0,0.04,2.0
MilaSpicola,-1.0,0.25,0.22,0.22,0.235,0.7499999999999993
ritafrediani,-1.0,-1.0,0.5,0.0,-0.25,12.5
zerozerozecche,,1.0,0.5,0.5,0.5,0
stampasgarbi,-1.0,-1.0,1.0,1.0,0.0,50.0
sandroia12,,0.97,0.05,0.06,0.05,0.4999999999999998
SerafinoLaCorte,-1.0,-1.0,1.0,-1.0,0.0,50.0
ARosanero,,-1.0,-1.0,-1.0,-1.0,0
vittoriofiorani,-1.0,-1.0,-1.0,-1.0,-1.0,0
ANTEO17,-1.0,0.5,0.15,0.08,0.325,12.25
Ivianti777,,0.87,0.25,0.17,0.25,3.9999999999999996
e79f53507876409,,-1.0,-0.25,-0.25,-0.25,0
fachetti3333,-1.0,-1.0,-1.0,-1.0,-1.0,0
ilConte_Felice,,0.5,1.0,1.0,1.0,0
mathildbauchard,-0.5,-0.5,0.5,0.5,0.0,25.0
gabrielbosc,,0.75,1.0,1.0,1.0,0
fuminofumetto,-1.0,-1.0,-1.0,-1.0,-1.0,0
kavitina,,1.0,1.0,1.0,1.0,0
BPtobia,-1.0,-1.0,-1.0,-1.0,-1.0,0
kickmyballs222,1.0,-1.0,0.12,0.25,-0.44,34.5
RenatoVenditti1,,-1.0,-1.0,-1.0,-1.0,0
FerfraHemp,-1.0,0.47,0.0,0.0,0.235,11.75
Infinity_999,-1.0,-1.0,0.0,0.0,-0.5,25.0
donatellabrusch,0.0,0.75,0.5,0.5,0.625,6.25
ald962,,-1.0,-0.33,-0.25,-0.33,4.000000000000001
jerrardino,-1.0,-1.0,-1.0,-1.0,-1.0,0
geniodipalermo,,0.5,0.67,0.67,0.67,0
GiuseppeGiust17,1.0,-1.0,-1.0,-1.0,-1.0,0
renzoferrari61,,0.9,0.42,0.5,0.42,4.000000000000001
rossellaparrin2,-1.0,0.25,0.0,0.0,0.125,6.25
RenatoCuttitta,-1.0,-0.5,-0.5,-0.5,-0.5,0
AntonioMatto,0.0,0.25,0.33,0.33,0.29000000000000004,1.9999999999999991
nonvotorenzi,,1.0,1.0,1.0,1.0,0
mauriziogetuli,-1.0,-1.0,-0.5,-0.5,-0.75,12.5
emmazanni,-1.0,-1.0,-0.06,-0.06,-0.53,23.5
PensieriFulmina,,-1.0,1.0,1.0,1.0,0
RosannaPace89,,1.0,1.0,1.0,1.0,0
newkitsch,0.0,0.25,1.0,1.0,0.625,18.75
mileneluzi,-1.0,0.0,0.0,0.21,0.0,10.5
marisaLaDestra,,1.0,1.0,1.0,1.0,0
ConcasRita,,-0.5,0.0,0.0,0.0,0
GaspareStabile,-1.0,-1.0,1.0,1.0,0.0,50.0
1965_salvatore,-1.0,-1.0,-1.0,-1.0,-1.0,0
RaimondoCamp,,-1.0,-1.0,-0.99,-1.0,0.5000000000000004
Imlacerci,,0.46,0.0,0.0,0.0,0
PippoMulazzi,,1.0,1.0,1.0,1.0,0
mantynsky_,-1.0,-1.0,-0.5,-0.5,-0.75,12.5
Chrisrev13,,-1.0,0.23,0.23,0.23,0
AlbertoForesti3,-1.0,-1.0,-1.0,-1.0,-1.0,0
AngelaVarazdin,-1.0,-1.0,1.0,1.0,0.0,50.0
lucaverga,,0.0,0.5,0.48,0.5,1.0000000000000009
gaypostit,,-1.0,-1.0,-1.0,-1.0,0
RaiNews,-1.0,-1.0,0.5,0.5,-0.25,37.5
macisimi,,-1.0,-0.19,-0.17,-0.19,0.9999999999999996
vincecasarin,0.0,0.8,0.83,0.92,0.815,5.250000000000004
MadagioPepe,-0.5,0.0,-0.05,-0.05,-0.025,1.25
ToninoR118,,-1.0,0.5,0.5,0.5,0
Leonesidiventa,,-1.0,0.0,0.0,0.0,0
malgradotuttobl,-1.0,1.0,0.5,0.5,0.75,12.5
vittoriodiri,,-1.0,0.48,0.07,0.48,20.5
vito22222,,0.45,0.21,0.23,0.21,1.0000000000000009
muhlisergan,,0.7,0.0,-0.02,0.0,1.0
nellylamorte,,-1.0,0.96,0.96,0.96,0
ErmannoKilgore,,0.45,0.07,-0.08,0.07,7.500000000000001
Gabripalermo2,,-1.0,0.5,0.5,0.5,0
gianpierodalia,-1.0,-1.0,-1.0,-1.0,-1.0,0
PALMAMOLLO,-1.0,-0.33,-0.33,-0.32,-0.33,0.5000000000000004
ElezioniSicilia,,-1.0,-1.0,-1.0,-1.0,0
MaxVertillo,-1.0,-1.0,-1.0,-1.0,-1.0,0
AlanPoll,,0.44,0.21,0.23,0.21,1.0000000000000009
LuigiDeTroia,,-1.0,0.0,0.0,0.0,0
waltergianno,1.0,1.0,1.0,1.0,1.0,0
MassimoAgricola,,0.5,0.67,0.67,0.67,0
danieledvpd,-1.0,-1.0,-0.03,-0.03,-0.515,24.25
AbdulUighur,,0.9,0.15,0.06,0.15,4.5
amoreandrea84,-1.0,-1.0,1.0,1.0,0.0,50.0
LauraGio_75,,-0.5,0.07,0.0,0.07,3.5000000000000004
maurohho,,-0.5,0.0,-0.32,0.0,16.0
PScotto1972,,-1.0,-0.16,0.04,-0.16,10.0
paolopaolo2516,,0.9,-0.13,-0.13,-0.13,0
Darktiv,,-1.0,1.0,1.0,1.0,0
Dario_Accolla,,-1.0,-1.0,-1.0,-1.0,0
MazzuAlessandro,-1.0,-1.0,-1.0,-1.0,-1.0,0
07Marianne,,1.0,1.0,1.0,1.0,0
luidamato,,0.9,0.11,-0.63,0.11,37.0
morrissey700,,0.8,0.28,0.42,0.28,6.999999999999998
enrica_eri,0.0,0.75,1.0,1.0,0.875,6.25
Corinne_DiMulo,-0.5,-0.13,-0.5,-0.5,-0.315,9.25
mavaivia,,-1.0,-0.47,-0.5,-0.47,1.5000000000000013
16blu,,0.31,0.0,-0.1,0.0,5.0
onspellegrino,,1.0,1.0,1.0,1.0,0
marinogorsini,-0.5,-0.5,0.5,0.5,0.0,25.0
Manuel_Ghezzi,-0.5,-0.33,-0.06,-0.18,-0.195,0.7500000000000007
marcoranieri72,,0.98,0.46,0.42,0.46,2.0000000000000018
grilliserafino,,-1.0,1.0,1.0,1.0,0
MARCOLODICO1,-1.0,-1.0,-0.67,-0.67,-0.835,8.249999999999996
largociospe,-1.0,-0.5,-0.33,-0.33,-0.41500000000000004,4.250000000000001
GiuliaDiVita,,-1.0,-1.0,-0.95,-1.0,2.500000000000002
19TIZIANO72,,0.4,0.0,0.0,0.0,0
UnicronPlanetM,,-1.0,-1.0,-1.0,-1.0,0
teribbileps,-1.0,-0.5,0.2,0.25,-0.15,20.0
AldoGips,-1.0,-1.0,-1.0,-1.0,-1.0,0
pdnetwork,-1.0,-1.0,-1.0,-1.0,-1.0,0
ElectionEday,,1.0,1.0,1.0,1.0,0
pietrinimatteo,,-1.0,-0.01,0.12,-0.01,6.5
ForzaItalia_RM,,1.0,-1.0,-1.0,-1.0,0
PaolaTacconi,1.0,-0.33,0.03,0.0,-0.15000000000000002,7.500000000000001
Lorycatwoman,,-1.0,-0.5,-0.5,-0.5,0
kisimaio,,0.49,0.21,0.21,0.21,0
piranio80,-1.0,-1.0,-1.0,-1.0,-1.0,0
Marilen66524207,-1.0,-0.67,0.67,0.67,0.0,33.5
AndreaAffinito,,-1.0,0.22,0.22,0.22,0
Ambra19782137,-1.0,-1.0,-1.0,-1.0,-1.0,0
DossiCarla,,0.5,0.17,0.0,0.17,8.5
fazio_nicola,,-1.0,-1.0,-1.0,-1.0,0
Chiara_DiBe,,-1.0,-0.95,-0.95,-0.95,0
Ori254,-0.33,0.11,-0.1,-0.0,0.0049999999999999975,0.2499999999999999
slavina6,-0.29,-0.13,0.3,0.28,0.08499999999999999,9.750000000000002
paolaidilla,-1.0,-1.0,1.0,1.0,0.0,50.0
annagraziaq4,-1.0,1.0,1.0,1.0,1.0,0
marcograsso581,,-0.5,0.0,0.0,0.0,0
gvalle77,,0.0,0.23,0.2,0.23,1.5
dstVoid,,1.0,0.1,0.1,0.1,0
ibendin,,1.0,1.0,1.0,1.0,0
teresa90175867,,-0.5,-0.33,-0.33,-0.33,0
BlackOutTotale,,-1.0,0.67,0.83,0.67,7.9999999999999964
la_ferrera,,-1.0,-0.5,-0.47,-0.5,1.5000000000000013
costa_costa1967,,-1.0,-1.0,-1.0,-1.0,0
nonvotoilpd,,-1.0,1.0,1.0,1.0,0
pamela_orr,,0.5,0.67,0.67,0.67,0
serogeid,,1.0,-0.5,-0.5,-0.5,0
a_digio,,0.5,0.67,0.67,0.67,0
cristiandonatel,,1.0,0.98,0.98,0.98,0
walterdariz,-1.0,-1.0,0.25,0.25,-0.375,31.25
Canolipo,,-1.0,-1.0,-1.0,-1.0,0
Mrc_Mea,,-1.0,0.01,0.14,0.01,6.5
renatapolverini,,1.0,-1.0,-1.0,-1.0,0
CretellaRoberta,,0.3,-0.02,0.0,-0.02,1.0
iolanda_pitti,,1.0,-0.17,-0.17,-0.17,0
elio_vito,,1.0,0.14,0.33,0.14,9.5
NicoCusimano1,,-1.0,-0.14,-0.14,-0.14,0
robarbato1,,-1.0,-1.0,-1.0,-1.0,0
agostino_polo,,0.9,0.23,0.23,0.23,0
asaro_daniela,,0.48,0.2,0.0,0.2,10.0
iPopolari,-1.0,-1.0,-1.0,-1.0,-1.0,0
Luca_Imp79,,0.5,0.33,0.25,0.33,4.000000000000001
Giordan55839252,0.0,0.2,0.2,0.2,0.2,0
MagnanoDanilo,-1.0,-0.33,-0.24,-0.24,-0.28500000000000003,2.2500000000000018
MIMIGIO,-1.0,-0.5,-0.24,0.01,-0.37,19.0
VitoGulli,-1.0,-1.0,-1.0,-1.0,-1.0,0
GHERARDIMAURO1,,0.86,0.09,0.11,0.09,1.0000000000000002
Frank_new67,-1.0,-0.5,0.0,0.01,-0.25,13.0
Paolo73221905,-1.0,-1.0,-1.0,-1.0,-1.0,0
alanwake_71,-1.0,-1.0,-1.0,-1.0,-1.0,0
AnSantorum,-1.0,-1.0,0.5,0.5,-0.25,37.5
kingcabir,,0.94,0.42,0.5,0.42,4.000000000000001
mebufalino,,-1.0,1.0,1.0,1.0,0
battistabd,-1.0,0.93,-0.2,-0.25,0.365,30.75
OSaglio,,-1.0,0.02,0.0,0.02,1.0
disabile1968,,-0.5,0.11,0.09,0.11,1.0000000000000002
ElioLannutti,,-1.0,0.33,0.33,0.33,0
leoberthi,,-1.0,1.0,0.0,1.0,50.0
proudman811,-0.67,-0.14,-0.04,-0.0,-0.09000000000000001,4.500000000000001
SestoCalendeM5s,,-1.0,-1.0,-0.95,-1.0,2.500000000000002
giuseppelacara,,-1.0,0.0,0.0,0.0,0
laltrafacciata,0.0,0.25,1.0,1.0,0.625,18.75
ScifoGiuseppe,,1.0,0.4,0.4,0.4,0
LeonardiAmalia,,-0.17,-0.1,-0.01,-0.1,4.500000000000001
antony220970,-1.0,0.09,0.02,0.04,0.055,0.75
PillaPaladini,-1.0,-1.0,0.0,0.0,-0.5,25.0
allenatorebis,,1.0,0.23,0.21,0.23,1.0000000000000009
Majden3,,-0.5,0.0,0.11,0.0,5.5
s_fusco,,0.9,-0.0,0.0,0.0,0
Gennaro40900492,,-1.0,-0.33,-0.33,-0.33,0
sherlock5stelle,-0.57,0.07,0.07,0.07,0.07,0
ClaudioNigro2,,0.9,0.46,0.42,0.46,2.0000000000000018
forza_italia,,0.2,0.26,0.0,0.26,13.0
pierdario,-1.0,-1.0,-1.0,-1.0,-1.0,0
giusmo1,-1.0,-1.0,1.0,1.0,0.0,50.0
eliorenzi1959,,-0.67,-0.5,-0.5,-0.5,0
AdrianaCioci,1.0,1.0,1.0,1.0,1.0,0
PDibattista,,0.23,0.06,-0.0,0.06,3.0
5StelleOvunque,,-1.0,0.1,0.0,0.1,5.0
PARTIDAQUI,,-1.0,0.67,0.94,0.67,13.499999999999995
igorbrickil5S,,-0.5,-0.14,-0.14,-0.14,0
msantarella,-1.0,-1.0,-1.0,-1.0,-1.0,0
CaterinaAmodeo,,0.86,0.46,0.48,0.46,0.9999999999999981
marcodecade,,-1.0,1.0,1.0,1.0,0
Andry788,,-1.0,0.0,0.0,0.0,0
card_paolo,,-0.67,0.17,0.13,0.17,2.0000000000000004
cp75pe,1.0,1.0,0.5,0.5,0.75,12.5
IeeeMatteo,-1.0,-1.0,1.0,1.0,0.0,50.0
FilippoFortuna,,-1.0,-0.2,0.17,-0.2,18.5
AbatediTheleme,,-1.0,-1.0,-0.99,-1.0,0.5000000000000004
tonylennon77,,0.8,0.83,0.92,0.83,4.5000000000000036
AntonioDiBari85,,-1.0,0.09,0.1,0.09,0.5000000000000004
ernestocaprari,,0.5,0.0,0.13,0.0,6.5
Apollo_MX5,,0.87,0.01,0.01,0.01,0
esisley,-1.0,0.0,0.01,0.0,0.005,0.25
giuseppeg1973,,-1.0,0.22,0.0,0.22,11.0
tuttigiuperterr,,-1.0,-0.5,-0.5,-0.5,0
6ReTwitt,,1.0,-1.0,-1.0,-1.0,0
Federico_Menna,,1.0,0.89,0.88,0.89,0.5000000000000004
RodolfoTorrisi,,-1.0,1.0,1.0,1.0,0
DegrandinGrandi,,-0.5,0.17,0.17,0.17,0
GiovanniLaMagn2,,1.0,1.0,1.0,1.0,0
PoliticRetwitt,1.0,1.0,0.78,0.08,0.89,40.5
Udc_Sicilia,,-1.0,0.5,0.5,0.5,0
Grand_Battery,-1.0,-0.5,0.03,0.04,-0.235,13.749999999999998
Fabio22009401,,0.15,-0.0,0.09,0.0,4.5
menelaolemanine,,0.35,0.0,0.08,0.0,4.0
AntonioDomenic,,-1.0,-1.0,-1.0,-1.0,0
Serenel73,-0.2,-0.33,-0.05,-0.05,-0.19,7.000000000000001
sergiomorabito,,-1.0,-0.95,-1.0,-0.95,2.500000000000002
annavinci6,,-1.0,1.0,1.0,1.0,0
lucianoaforte,-1.0,-1.0,1.0,1.0,0.0,50.0
zaraluc50,,-1.0,-0.0,0.0,0.0,0
ALESSIinfo1,,0.25,1.0,1.0,1.0,0
fsiciliani,,1.0,1.0,1.0,1.0,0
GProietti76,-1.0,-1.0,0.0,0.0,-0.5,25.0
arivarriale,,-1.0,-0.1,0.13,-0.1,11.5
